Store Code,Store Name,State,Store Type,Price Tier Day,Price Tier LN,ISM,ISM2,PRI,PRI2,DTM,DTM2,PRO,PRO2,PRO3,PRO4,Garden Banner,Pylon,Tags,Additional Tags,Mall,Cans or Cups,Freeze,Test HNC,Roundel,Preperation,Lozenge,Test 1,Test 2,Test 3,Expected screen count,Actual screen count,Media Test Market,Menu Panel Test Market,"Collin's
 Stores"
1100,Cessnock,NSW,FSDT,D5-HIGH,LN5-HIGH,5PP,,,,3PP,3PP,1PP,1PP,,,,,STORETYPE-FSDT   STATE-NSW   TIERDAY-D5-HIGH   TIERLN-LN5-HIGH   EXPOCD-LANE1   EXPOCD-LANE2   DRINKS-CANS,,,,,,,,,,,"EXPOCD-LANE1,EXPOCD-LANE2",13,13,Newcastle,,
1102,Hurstville Mall,NSW,MCN,D1-LOW,LN1-LOW,4PL,,1PP,,,,,,,,,,STORETYPE-MCN   STATE-NSW   TIERDAY-D1-LOW   TIERLN-LN1-LOW   DRINKS-CANS   CATEGORY-MALL,,STORETYPE-MALL,,,,,,,,,,5,4,,,
1103,Belconnen,ACT,FSDT,D4-MIDHIGH,LN4-MIDHIGH,5PP,,,,3PP,,,,,,,,STORETYPE-FSDT   STATE-ACT   TIERDAY-D4-MIDHIGH   TIERLN-LN4-MIDHIGH   DRINKS-CANS,,,,,,,,,,,,8,11,Canberra,,
1104,Nicholls,ACT,FSDT,D3-MID,LN3-MID,5PP,,,,3PP,3PP,,,,,,,STORETYPE-FSDT   STATE-ACT   TIERDAY-D3-MID   TIERLN-LN3-MID   DRINKS-CANS,,,,,,,,,,,,11,11,Canberra,Canberra 1,
1105,Hillcrest,SA,FSDT,D3-MID,LN3-MID,5PP,,,,3PP,,1PP,,,,,,STORETYPE-FSDT   STATE-SA   TIERDAY-D3-MID   TIERLN-LN3-MID   EXPOCD-LANE1   DRINKS-CANS,,,,,,,,,,,EXPOCD-LANE1,9,9,South Australia,,
1107,Ballan Service Centre,VIC,FSDT,D5-HIGH,LN5-HIGH,4PL,,1PP,,3PP,,1PP,,,,,,STORETYPE-FSDT   STATE-VIC   TIERDAY-D5-HIGH   TIERLN-LN5-HIGH   DRINKS-CANS,,,,,,,,,,,,9,8,Western District VIC,,
1108,Bacchus Marsh,VIC,FSDT,D4-MIDHIGH,LN4-MIDHIGH,4PL,,1PP,,3PP,,,,,,,,STORETYPE-FSDT   STATE-VIC   TIERDAY-D4-MIDHIGH   TIERLN-LN4-MIDHIGH   DRINKS-CANS,,,,,,,,,,,,8,7,,,
1110,Mt Druitt Mall,NSW,MCN,D2-MIDLOW,LN2-MIDLOW,4PL,,,,,,,,,,,,STORETYPE-MCN   STATE-NSW   TIERDAY-D2-MIDLOW   TIERLN-LN2-MIDLOW   DRINKS-CANS   CATEGORY-MALL,,STORETYPE-MALL,,,,,,,,,,4,4,,,
1111,Highett,VIC,FSDT,D3-MID,LN3-MID,4PL,,,,3PP,,1PP,,,,,,STORETYPE-FSDT   STATE-VIC   TIERDAY-D3-MID   TIERLN-LN3-MID   DRINKS-CANS,,,,,,,,,,,,8,8,,,
1115,Nambucca Heads,NSW,FSDT,D5-HIGH,LN5-HIGH,5PP,,1PP,,3PP,,1PP,,,,,,STORETYPE-FSDT   STATE-NSW   TIERDAY-D5-HIGH   TIERLN-LN5-HIGH   DRINKS-CANS,,,,,,,,,,,,10,9,Northern Riverlands,,
1118,Coburg,VIC,FSDT,D4-MIDHIGH,LN4-MIDHIGH,4PL,,,,3PP,,,,,,,,STORETYPE-FSDT   STATE-VIC   TIERDAY-D4-MIDHIGH   TIERLN-LN4-MIDHIGH   DRINKS-CANS,,,,,,,,,,,,7,7,,,
1119,Hamilton,VIC,FSDT,D5-HIGH,LN5-HIGH,4PL,,1PP,,3PP,,,,,,,,STORETYPE-FSDT   STATE-VIC   TIERDAY-D5-HIGH   TIERLN-LN5-HIGH   DRINKS-CANS,,,,,,,,,,,,8,8,Western District VIC,,
1120,Horsham,VIC,FSDT,D5-HIGH,LN5-HIGH,4PL,,,,3PP,,,,,,,,STORETYPE-FSDT   STATE-VIC   TIERDAY-D5-HIGH   TIERLN-LN5-HIGH   DRINKS-CANS,,,,,,,,,,,,7,7,Western District VIC,,
1121,Portland,VIC,FSDT,D5-HIGH,LN5-HIGH,4PL,,1PP,,3PP,,,,,,,,STORETYPE-FSDT   STATE-VIC   TIERDAY-D5-HIGH   TIERLN-LN5-HIGH   DRINKS-CANS,,,,,,,,,,,,8,8,Western District VIC,,
1122,Warrnambool City,VIC,FSDT,D5-HIGH,LN5-HIGH,4PL,4PP,,,3PP,,,,,,,,STORETYPE-FSDT   STATE-VIC   TIERDAY-D5-HIGH   TIERLN-LN5-HIGH   DRINKS-CANS,,,,,,,,,,,,11,11,Western District VIC,,
1123,Wodonga,VIC,FSDT,D5-HIGH,LN5-HIGH,4PL,,,,3PP,,1PP,,,,,,STORETYPE-FSDT   STATE-VIC   TIERDAY-D5-HIGH   TIERLN-LN5-HIGH   DRINKS-CANS,,,,,,,,,,,,8,8,,,Collin2
1124,Belmont VIC,VIC,FSDT,D5-HIGH,LN5-HIGH,5PP,,,,3PP,,1PP,,,,,,STORETYPE-FSDT   STATE-VIC   TIERDAY-D5-HIGH   TIERLN-LN5-HIGH   DRINKS-CANS,,,,,,,,,,,,9,9,,VIC 5,
1125,Keysborough,VIC,FSDT,D3-MID,LN3-MID,5PP,,1PP,,3PP,3PP,1PP,1PP,,,,,STORETYPE-FSDT   STATE-VIC   TIERDAY-D3-MID   TIERLN-LN3-MID   DRINKS-CANS,,,,,,,,,,,,14,13,,,
1128,Altona North,VIC,FSDT,D4-MIDHIGH,LN4-MIDHIGH,4PL,,1PP,,3PP,,1PP,,,,,,STORETYPE-FSDT   STATE-VIC   TIERDAY-D4-MIDHIGH   TIERLN-LN4-MIDHIGH   DRINKS-CANS,,,,,,,,,,,,9,9,,VIC 5,
1129,Deer Park,VIC,FSDT,D3-MID,LN3-MID,4PL,,1PP,,3PP,3PP,1PP,1PP,,,,,STORETYPE-FSDT   STATE-VIC   TIERDAY-D3-MID   TIERLN-LN3-MID   DRINKS-CANS,,,,,,,,,,,,13,13,,,
1130,Manly Vale,NSW,FSDT,D3-MID,LN3-MID,4PL,,1PP,,3PP,,,,,,,,STORETYPE-FSDT   STATE-NSW   TIERDAY-D3-MID   TIERLN-LN3-MID   EXPOCD-LANE1   DRINKS-CANS,,,,,,,,,,,EXPOCD-LANE1,8,8,,"NSW 15, NSW 7, NSW 9",
1131,Lilydale,VIC,FSDT,D4-MIDHIGH,LN4-MIDHIGH,4PL,,1PP,,3PP,3PP,1PP,1PP,,,,,STORETYPE-FSDT   STATE-VIC   TIERDAY-D4-MIDHIGH   TIERLN-LN4-MIDHIGH   DRINKS-CANS,,,,,,,,,,,,13,13,,,
1132,Seymour,VIC,FSDT,D5-HIGH,LN5-HIGH,4PL,,1PP,,3PP,,1PP,,,,,,STORETYPE-FSDT   STATE-VIC   TIERDAY-D5-HIGH   TIERLN-LN5-HIGH   DRINKS-CANS,,,,,,,,,,,,9,9,,,
1133,Wangaratta,VIC,FSDT,D5-HIGH,LN5-HIGH,4PL,,,,3PP,,1PP,,,,,,STORETYPE-FSDT   STATE-VIC   TIERDAY-D5-HIGH   TIERLN-LN5-HIGH   DRINKS-CANS,,,,,,,,,,,,8,8,,,Collin2
1134,Rowville,VIC,FSDT,D3-MID,LN3-MID,4PL,,1PP,,3PP,,1PP,,,,,,STORETYPE-FSDT   STATE-VIC   TIERDAY-D3-MID   TIERLN-LN3-MID   DRINKS-CANS,,,,,,,,,,,,9,12,,,
1135,Mentone,VIC,FSDT,D4-MIDHIGH,LN4-MIDHIGH,4PL,,,,3PP,,,,,,,,STORETYPE-FSDT   STATE-VIC   TIERDAY-D4-MIDHIGH   TIERLN-LN4-MIDHIGH   DRINKS-CANS,,,,,,,,,,,,7,7,,,
1136,Dee Why,NSW,FSDT,D4-MIDHIGH,LN4-MIDHIGH,4PL,,1PP,,3PP,,1PP,,,,,,STORETYPE-FSDT   STATE-NSW   TIERDAY-D4-MIDHIGH   TIERLN-LN4-MIDHIGH   EXPOCD-LANE1   DRINKS-CANS,,,,,,,,,,,EXPOCD-LANE1,9,7,,"NSW 15, NSW 7, NSW 9",
1137,Bayswater,VIC,FSDT,D3-MID,LN3-MID,4PL,,,,3PP,3PP,1PP,1PP,,,,,STORETYPE-FSDT   STATE-VIC   TIERDAY-D3-MID   TIERLN-LN3-MID   DRINKS-CANS,,,,,,,,,,,,12,13,,,
1138,Forster,NSW,FSDT,D5-HIGH,LN5-HIGH,4PP,,1PP,,3PP,,,,,,,,STORETYPE-FSDT   STATE-NSW   TIERDAY-D5-HIGH   TIERLN-LN5-HIGH   DRINKS-CANS,,,,,,,,,,,,8,8,,,
1139,Niddrie,VIC,FSDT,D3-MID,LN3-MID,4PL,,1PP,,3PP,,,,,,,,STORETYPE-FSDT   STATE-VIC   TIERDAY-D3-MID   TIERLN-LN3-MID   DRINKS-CANS,,,,,,,,,,,,8,8,,,
1140,Ormond,VIC,FSDT,D3-MID,LN3-MID,4PL,,,,3PP,,1PP,,,,,,STORETYPE-FSDT   STATE-VIC   TIERDAY-D3-MID   TIERLN-LN3-MID   DRINKS-CANS,,,,,,,,,,,,8,8,,,
1141,Clayton,VIC,FSDT,D3-MID,LN3-MID,4PL,,,,3PP,,,,,,,,STORETYPE-FSDT   STATE-VIC   TIERDAY-D3-MID   TIERLN-LN3-MID   DRINKS-CANS,,,,,,,,,,,,7,7,,,
1142,Springvale,VIC,FSDT,D4-MIDHIGH,LN4-MIDHIGH,4PL,,,,3PP,3PP,,,,,,,STORETYPE-FSDT   STATE-VIC   TIERDAY-D4-MIDHIGH   TIERLN-LN4-MIDHIGH   DRINKS-CANS,,,,,,,,,,,,10,10,,,
1143,Noble Park,VIC,FSDT,D3-MID,LN3-MID,4PL,,1PP,,3PP,3PP,,,,,,,STORETYPE-FSDT   STATE-VIC   TIERDAY-D3-MID   TIERLN-LN3-MID   DRINKS-CANS,,,,,,,,,,,,11,7,,,
1147,Narre Warren,VIC,FSDT,D4-MIDHIGH,LN4-MIDHIGH,5PP,,,,3PP,3PP,,,,,,,STORETYPE-FSDT   STATE-VIC   TIERDAY-D4-MIDHIGH   TIERLN-LN4-MIDHIGH   DRINKS-CANS,,,,,,,,,,,,11,11,,,
1148,Point Cook,VIC,FSDT,D4-MIDHIGH,LN4-MIDHIGH,5PP,,1PP,,3PP,3PP,1PP,1PP,,,,,STORETYPE-FSDT   STATE-VIC   TIERDAY-D4-MIDHIGH   TIERLN-LN4-MIDHIGH   EXPOCD-LANE1   EXPOCD-LANE2   DRINKS-CANS,,,,,,,,,,,"EXPOCD-LANE1,EXPOCD-LANE2",14,13,,VIC 5,
1150,Benalla,VIC,FSDT,D5-HIGH,LN5-HIGH,4PL,,1PP,,3PP,,1PP,,,,,,STORETYPE-FSDT   STATE-VIC   TIERDAY-D5-HIGH   TIERLN-LN5-HIGH   DRINKS-CANS,,,,,,,,,,,,9,9,,,
1151,Echuca,VIC,FSDT,D5-HIGH,LN5-HIGH,4PL,,1PP,,3PP,3PP,1PP,1PP,,,,,STORETYPE-FSDT   STATE-VIC   TIERDAY-D5-HIGH   TIERLN-LN5-HIGH   SCHEDULE--ISM-4PL--ISM-4PLTEST   bendigo_lunch   DRINKS-CANS,SCHEDULE--ISM-4PL--ISM-4PLTEST,,,,,,,,bendigo_lunch,,,13,13,Bendigo,,
1154,Grovedale,VIC,FSDT,D5-HIGH,LN5-HIGH,4PL,,,,3PP,,1PP,,,,,,STORETYPE-FSDT   STATE-VIC   TIERDAY-D5-HIGH   TIERLN-LN5-HIGH   DRINKS-CANS,,,,,,,,,,,,8,9,,VIC 5,
1156,Eaglehawk,VIC,FSDT,D5-HIGH,LN5-HIGH,4PL,,1PP,,3PP,,1PP,,,,,,STORETYPE-FSDT   STATE-VIC   TIERDAY-D5-HIGH   TIERLN-LN5-HIGH   SCHEDULE--ISM-4PL--ISM-4PLTEST   bendigo_lunch   DRINKS-CANS,SCHEDULE--ISM-4PL--ISM-4PLTEST,,,,,,,,bendigo_lunch,,,9,9,Bendigo,,
1157,Chadstone Mall,VIC,MCN,D1-LOW,LN1-LOW,4PL,,,,,,,,,,,,STORETYPE-MCN   STATE-VIC   TIERDAY-D1-LOW   TIERLN-LN1-LOW   DRINKS-CANS   CATEGORY-MALL,,STORETYPE-MALL,,,,,,,,,,4,4,,,
1158,Newcomb,VIC,FSDT,D5-HIGH,LN5-HIGH,4PL,,1PP,,3PP,,1PP,,,,,,STORETYPE-FSDT   STATE-VIC   TIERDAY-D5-HIGH   TIERLN-LN5-HIGH   DRINKS-CANS,,,,,,,,,,,,9,9,,VIC 5,
1159,Shepparton City,VIC,FSDT,D5-HIGH,LN5-HIGH,5PP,,1PP,,3PP,,1PP,,,,,,STORETYPE-FSDT   STATE-VIC   TIERDAY-D5-HIGH   TIERLN-LN5-HIGH   DRINKS-CANS,,,,,,,,,,,,10,8,,,
1160,Swan Hill,VIC,FSDT,D5-HIGH,LN5-HIGH,5PP,,1PP,,3PP,,1PP,,,,,,STORETYPE-FSDT   STATE-VIC   TIERDAY-D5-HIGH   TIERLN-LN5-HIGH   SCHEDULE--ISM-5PP--ISM-5PPTEST   bendigo_lunch   DRINKS-CANS,SCHEDULE--ISM-5PP--ISM-5PPTEST,,,,,,,,bendigo_lunch,,,10,9,Bendigo,,
1161,Brimbank,VIC,FSDT,D4-MIDHIGH,LN4-MIDHIGH,5PP,,1PP,,3PP,3PP,1PP,1PP,,,,,STORETYPE-FSDT   STATE-VIC   TIERDAY-D4-MIDHIGH   TIERLN-LN4-MIDHIGH   EXPOCD-LANE1   EXPOCD-LANE2   DRINKS-CANS,,,,,,,,,,,"EXPOCD-LANE1,EXPOCD-LANE2",14,13,,,
1162,Woodgrove,VIC,MCN,D2-MIDLOW,LN2-MIDLOW,4PL,,,,,,,,,,,,STORETYPE-MCN   STATE-VIC   TIERDAY-D2-MIDLOW   TIERLN-LN2-MIDLOW   DRINKS-CANS   CATEGORY-MALL,,STORETYPE-MALL,,,,,,,,,,4,4,,,
1163,Irymple,VIC,FSDT,D5-HIGH,LN5-HIGH,5PP,,1PP,,3PP,3PP,1PP,1PP,,,,,STORETYPE-FSDT   STATE-VIC   TIERDAY-D5-HIGH   TIERLN-LN5-HIGH   EXPOCD-LANE1   EXPOCD-LANE2   DRINKS-CANS,,,,,,,,,,,"EXPOCD-LANE1,EXPOCD-LANE2",14,13,,,
1164,Truganina,VIC,FSDT,D3-MID,LN3-MID,5PP,,1PP,,3PP,3PP,1PP,1PP,,,,,STORETYPE-FSDT   STATE-VIC   TIERDAY-D3-MID   TIERLN-LN3-MID   DRINKS-CANS,,,,,,,,,,,,14,14,,VIC 5,
1165,Lavington- VIC,NSW,FSDT,D5-HIGH,LN5-HIGH,4PL,,,,3PP,,1PP,,,,,,STORETYPE-FSDT   STATE-NSW   TIERDAY-D5-HIGH   TIERLN-LN5-HIGH   DRINKS-CANS,,,,,,,,,,,,8,8,,,Collin2
1166,Sunbury,VIC,FSDT,D5-HIGH,LN5-HIGH,5PP,,1PP,,3PP,,1PP,,,,,,STORETYPE-FSDT   STATE-VIC   TIERDAY-D5-HIGH   TIERLN-LN5-HIGH   DRINKS-CANS,,,,,,,,,,,,10,10,,,
1168,Melton Phoenix,VIC,FSDT,D4-MIDHIGH,LN4-MIDHIGH,5PP,,1PP,,3PP,3PP,1PP,1PP,,,,,STORETYPE-FSDT   STATE-VIC   TIERDAY-D4-MIDHIGH   TIERLN-LN4-MIDHIGH   DRINKS-CANS,,,,,,,,,,,,14,14,,,
1170,Mudgee,NSW,FSDT,D5-HIGH,LN5-HIGH,4PL,,1PP,,3PP,,,,,,,,STORETYPE-FSDT   STATE-NSW   TIERDAY-D5-HIGH   TIERLN-LN5-HIGH   DRINKS-CANS,,,,,,,,,,,,8,8,,,
1172,Chinderah North,NSW,FSDT,D5-HIGH,LN5-HIGH,5PP,,,,3PP,3PP,1PP,,,,,,STORETYPE-FSDT   STATE-NSW   TIERDAY-D5-HIGH   TIERLN-LN5-HIGH   DRINKS-CANS,,,,,,,,,,,,12,12,Northern Riverlands,NSW 8,
1173,Eastgardens Food Court,NSW,MCN,D1-LOW,LN1-LOW,4PL,,,,,,,,,,,,STORETYPE-MCN   STATE-NSW   TIERDAY-D1-LOW   TIERLN-LN1-LOW   DRINKS-CANS   CATEGORY-MALL,,STORETYPE-MALL,,,,,,,,,,4,4,,,
1175,Cowra,NSW,FSDT,D5-HIGH,LN5-HIGH,4PL,,,,3PP,,,,,,,,STORETYPE-FSDT   STATE-NSW   TIERDAY-D5-HIGH   TIERLN-LN5-HIGH   DRINKS-CANS,,,,,,,,,,,,7,7,,,
1177,Tullamarine,VIC,FSDT,D3-MID,LN3-MID,4PL,,,,3PP,,,,,,,,STORETYPE-FSDT   STATE-VIC   TIERDAY-D3-MID   TIERLN-LN3-MID   DRINKS-CANS,,,,,,,,,,,,7,7,,,
1178,Cooma,ACT,FSDT,D5-HIGH,LN5-HIGH,4PL,,1PP,,3PP,,,,,,,,STORETYPE-FSDT   STATE-ACT   TIERDAY-D5-HIGH   TIERLN-LN5-HIGH   DRINKS-CANS,,,,,,,,,,,,8,8,Canberra,,
1180,Southland Mall,VIC,MCN,D1-LOW,LN1-LOW,4PL,,1PP,,,,,,,,,,STORETYPE-MCN   STATE-VIC   TIERDAY-D1-LOW   TIERLN-LN1-LOW   DRINKS-CANS   CATEGORY-MALL,,STORETYPE-MALL,,,,,,,,,,5,4,,,
1181,Young,NSW,FSDT,D5-HIGH,LN5-HIGH,4PL,,,,3PP,,,,,,,,STORETYPE-FSDT   STATE-NSW   TIERDAY-D5-HIGH   TIERLN-LN5-HIGH   DRINKS-CANS,,,,,,,,,,,,7,7,,,
1182,Batemans Bay,NSW,FSDT,D5-HIGH,LN5-HIGH,4PL,,,,3PP,,,,,,,,STORETYPE-FSDT   STATE-NSW   TIERDAY-D5-HIGH   TIERLN-LN5-HIGH   DRINKS-CANS,,,,,,,,,,,,7,8,Wollongong,,
1183,Rosebud,VIC,FSDT,D3-MID,LN3-MID,4PL,,,,3PP,,,,,,,,STORETYPE-FSDT   STATE-VIC   TIERDAY-D3-MID   TIERLN-LN3-MID   DRINKS-CANS,,,,,,,,,,,,7,7,,,
1186,Port Macquarie,NSW,FSDT,D5-HIGH,LN5-HIGH,4PL,,,,3PP,,1PP,,,,,,STORETYPE-FSDT   STATE-NSW   TIERDAY-D5-HIGH   TIERLN-LN5-HIGH   DRINKS-CANS,,,,,,,,,,,,8,8,Northern Riverlands Bleed Store,,
1188,Warragul,VIC,INL,D2-MIDLOW,LN2-MIDLOW,4PL,,,,,,,,,,,,STORETYPE-INL   STATE-VIC   TIERDAY-D2-MIDLOW   TIERLN-LN2-MIDLOW   DRINKS-CANS,,,,,,,,,,,,4,4,Gippsland,,
1189,Toronto,NSW,FSDT,D5-HIGH,LN5-HIGH,5PP,,1PP,,3PP,,1PP,,,,,,STORETYPE-FSDT   STATE-NSW   TIERDAY-D5-HIGH   TIERLN-LN5-HIGH   DRINKS-CANS,,,,,,,,,,,,10,10,Newcastle,,
1191,Inverell,NSW,FSDT,D5-HIGH,LN5-HIGH,5PP,,,,3PP,,1PP,,,,,,STORETYPE-FSDT   STATE-NSW   TIERDAY-D5-HIGH   TIERLN-LN5-HIGH   DRINKS-CANS,,,,,,,,,,,,9,9,,,
1192,Treendale,WA,FSDT,D7-REMOTE,LN7-REMOTE,5PP,,1PP,,3PP,3PP,1PP,1PP,,,,,STORETYPE-FSDT   STATE-WA   TIERDAY-D7-REMOTE   TIERLN-LN7-REMOTE   BADGE-HNS   EXPOCD-LANE1   EXPOCD-LANE2   DRINKS-CANS,,,,,,,,BADGE-HNS,,,"EXPOCD-LANE1,EXPOCD-LANE2",14,15,,,
1193,Murwillumbah,NSW,FSDT,D5-HIGH,LN5-HIGH,4PL,,,,3PP,,,,,,,,STORETYPE-FSDT   STATE-NSW   TIERDAY-D5-HIGH   TIERLN-LN5-HIGH   DRINKS-CANS,,,,,,,,,,,,7,7,Northern Riverlands,NSW 8,
1194,Ararat,VIC,FSDT,D5-HIGH,LN5-HIGH,4PL,,1PP,,3PP,,,,,,,,STORETYPE-FSDT   STATE-VIC   TIERDAY-D5-HIGH   TIERLN-LN5-HIGH   DRINKS-CANS,,,,,,,,,,,,8,8,Western District VIC,,
1195,Colac,VIC,FSDT,D5-HIGH,LN5-HIGH,4PL,,1PP,,3PP,,1PP,,,,,,STORETYPE-FSDT   STATE-VIC   TIERDAY-D5-HIGH   TIERLN-LN5-HIGH   DRINKS-CANS,,,,,,,,,,,,9,9,Western District VIC,,
1197,Knox City,VIC,FSDT,D4-MIDHIGH,LN4-MIDHIGH,4PL,,,,3PP,,1PP,,,,,,STORETYPE-FSDT   STATE-VIC   TIERDAY-D4-MIDHIGH   TIERLN-LN4-MIDHIGH   DRINKS-CANS,,,,,,,,,,,,8,8,,,
1198,Renmark,SA,FSDT,D5-HIGH,LN5-HIGH,5PP,,1PP,,3PP,,1PP,,,,,,STORETYPE-FSDT   STATE-SA   TIERDAY-D5-HIGH   TIERLN-LN5-HIGH   EXPOCD-LANE1   DRINKS-CANS,,,,,,,,,,,EXPOCD-LANE1,10,10,South Australia,Canberra 2,
1199,Lakehaven,NSW,FSDT,D4-MIDHIGH,LN4-MIDHIGH,4PL,,1PP,,3PP,3PP,1PP,1PP,,,,,STORETYPE-FSDT   STATE-NSW   TIERDAY-D4-MIDHIGH   TIERLN-LN4-MIDHIGH   EXPOCD-LANE1   EXPOCD-LANE2   DRINKS-CANS,,,,,,,,,,,"EXPOCD-LANE1,EXPOCD-LANE2",13,14,,,
1202,Baulkham Hills,NSW,FSDT,D4-MIDHIGH,LN4-MIDHIGH,4PL,,,,3PP,,,,,,,,STORETYPE-FSDT   STATE-NSW   TIERDAY-D4-MIDHIGH   TIERLN-LN4-MIDHIGH   DRINKS-CANS,,,,,,,,,,,,7,10,,NSW 13,
1205,Dural,NSW,FSDT,D3-MID,LN3-MID,4PL,,,,3PP,,1PP,,,,,,STORETYPE-FSDT   STATE-NSW   TIERDAY-D3-MID   TIERLN-LN3-MID   DRINKS-CANS,,,,,,,,,,,,8,9,,NSW 13,
1206,Bendigo,VIC,FSDT,D5-HIGH,LN5-HIGH,4PL,,1PP,,3PP,3PP,1PP,,,,,,STORETYPE-FSDT   STATE-VIC   TIERDAY-D5-HIGH   TIERLN-LN5-HIGH   SCHEDULE--ISM-4PL--ISM-4PLTEST   bendigo_lunch   EXPOCD-LANE1   EXPOCD-LANE2   DRINKS-CANS,SCHEDULE--ISM-4PL--ISM-4PLTEST,,,,,,,,bendigo_lunch,,"EXPOCD-LANE1,EXPOCD-LANE2",12,12,Bendigo,VIC 4,
1207,Kangaroo Flat,VIC,FSDT,D5-HIGH,LN5-HIGH,4PL,,1PP,,3PP,3PP,1PP,1PP,,,,,STORETYPE-FSDT   STATE-VIC   TIERDAY-D5-HIGH   TIERLN-LN5-HIGH   SCHEDULE--ISM-4PL--ISM-4PLTEST   bendigo_lunch   DRINKS-CANS,SCHEDULE--ISM-4PL--ISM-4PLTEST,,,,,,,,bendigo_lunch,,,13,13,Bendigo,VIC 4,
1208,Woodbine,NSW,FSDT,D4-MIDHIGH,LN4-MIDHIGH,4PL,,,,3PP,3PP,,,,,,,STORETYPE-FSDT   STATE-NSW   TIERDAY-D4-MIDHIGH   TIERLN-LN4-MIDHIGH   EXPOCD-LANE1   EXPOCD-LANE2   DRINKS-CANS,,,,,,,,,,,"EXPOCD-LANE1,EXPOCD-LANE2",10,10,,NSW 6,
1209,Mooroolbark,VIC,FSDT,D3-MID,LN3-MID,4PL,,1PP,,3PP,,1PP,,,,,,STORETYPE-FSDT   STATE-VIC   TIERDAY-D3-MID   TIERLN-LN3-MID   DRINKS-CANS,,,,,,,,,,,,9,9,,,
1210,Hoppers Crossing,VIC,FSDT,D3-MID,LN3-MID,4PL,,1PP,,3PP,,1PP,,,,,,STORETYPE-FSDT   STATE-VIC   TIERDAY-D3-MID   TIERLN-LN3-MID   DRINKS-CANS,,,,,,,,,,,,9,9,,VIC 5,
1211,Werribee,VIC,INL,D1-LOW,LN1-LOW,4PL,,1PP,,,,,,,,,,STORETYPE-INL   STATE-VIC   TIERDAY-D1-LOW   TIERLN-LN1-LOW   DRINKS-CANS,,,,,,,,,,,,5,4,,VIC 5,
1212,Footscray,VIC,FSDT,D4-MIDHIGH,LN4-MIDHIGH,4PL,,1PP,,3PP,,1PP,,,,,,STORETYPE-FSDT   STATE-VIC   TIERDAY-D4-MIDHIGH   TIERLN-LN4-MIDHIGH   DRINKS-CANS,,,,,,,,,,,,9,8,,,
1213,Keilor Downs,VIC,FSDT,D4-MIDHIGH,LN4-MIDHIGH,4PL,,,,3PP,,1PP,,,,,,STORETYPE-FSDT   STATE-VIC   TIERDAY-D4-MIDHIGH   TIERLN-LN4-MIDHIGH   DRINKS-CANS,,,,,,,,,,,,8,8,,,
1216,Sunshine,VIC,FSDT,D3-MID,LN3-MID,5PP,,1PP,,3PP,3PP,1PP,1PP,,,,,STORETYPE-FSDT   STATE-VIC   TIERDAY-D3-MID   TIERLN-LN3-MID   DRINKS-CANS,,,,,,,,,,,,14,12,,,
1217,Bairnsdale,VIC,FSDT,D5-HIGH,LN5-HIGH,4PL,,1PP,,3PP,3PP,,,,,,,STORETYPE-FSDT   STATE-VIC   TIERDAY-D5-HIGH   TIERLN-LN5-HIGH   DRINKS-CANS,,,,,,,,,,,,11,8,Gippsland,,
1218,Sale,VIC,FSDT,D5-HIGH,LN5-HIGH,4PL,,,,3PP,3PP,1PP,,,,,,STORETYPE-FSDT   STATE-VIC   TIERDAY-D5-HIGH   TIERLN-LN5-HIGH   DRINKS-CANS,,,,,,,,,,,,11,11,Gippsland,,
1219,Traralgon,VIC,FSDT,D5-HIGH,LN5-HIGH,4PL,,1PP,,3PP,,1PP,,,,,,STORETYPE-FSDT   STATE-VIC   TIERDAY-D5-HIGH   TIERLN-LN5-HIGH   DRINKS-CANS,,,,,,,,,,,,9,8,Gippsland,,
1220,Artarmon,NSW,FSDT,D3-MID,LN3-MID,5PP,,1PP,1PP,3PP,,1PP,,,,,,STORETYPE-FSDT   STATE-NSW   TIERDAY-D3-MID   TIERLN-LN3-MID   BADGE-HNS   DRINKS-CANS,,,,,,,,BADGE-HNS,,,,11,11,,"NSW 9, NSW 15",
1221,Woy Woy,NSW,FSDT,D4-MIDHIGH,LN4-MIDHIGH,4PL,,1PP,,3PP,,1PP,,,,,,STORETYPE-FSDT   STATE-NSW   TIERDAY-D4-MIDHIGH   TIERLN-LN4-MIDHIGH   DRINKS-CANS,,,,,,,,,,,,9,12,,NSW 2,
1222,Ringwood,VIC,FSDT,D3-MID,LN3-MID,4PL,,1PP,,3PP,,1PP,,,,,,STORETYPE-FSDT   STATE-VIC   TIERDAY-D3-MID   TIERLN-LN3-MID   DRINKS-CANS,,,,,,,,,,,,9,9,,,
1223,Greensborough,VIC,FSDT,D4-MIDHIGH,LN4-MIDHIGH,4PL,,,,3PP,,,,,,,,STORETYPE-FSDT   STATE-VIC   TIERDAY-D4-MIDHIGH   TIERLN-LN4-MIDHIGH   DRINKS-CANS,,,,,,,,,,,,7,7,,,
1224,Oakleigh,VIC,FSDT,D3-MID,LN3-MID,4PL,,1PP,,3PP,,1PP,,,,,,STORETYPE-FSDT   STATE-VIC   TIERDAY-D3-MID   TIERLN-LN3-MID   DRINKS-CANS,,,,,,,,,,,,9,9,,,
1225,Cranbourne,VIC,FSDT,D4-MIDHIGH,LN4-MIDHIGH,4PL,,,,3PP,,,,,,,,STORETYPE-FSDT   STATE-VIC   TIERDAY-D4-MIDHIGH   TIERLN-LN4-MIDHIGH   DRINKS-CANS,,,,,,,,,,,,7,7,,,
1226,Chelsea Heights,VIC,FSDT,D3-MID,LN3-MID,4PL,,1PP,,3PP,,,,,,,,STORETYPE-FSDT   STATE-VIC   TIERDAY-D3-MID   TIERLN-LN3-MID   DRINKS-CANS,,,,,,,,,,,,8,7,,,
1227,Karingal,VIC,FSDT,D3-MID,LN3-MID,4PL,,1PP,,3PP,,,,,,,,STORETYPE-FSDT   STATE-VIC   TIERDAY-D3-MID   TIERLN-LN3-MID   DRINKS-CANS,,,,,,,,,,,,8,7,,VIC 3,
1228,Mornington,VIC,FSDT,D4-MIDHIGH,LN4-MIDHIGH,4PL,,1PP,,3PP,,,,,,,,STORETYPE-FSDT   STATE-VIC   TIERDAY-D4-MIDHIGH   TIERLN-LN4-MIDHIGH   DRINKS-CANS,,,,,,,,,,,,8,7,,,
1230,Chatswood Westfield Food Court,NSW,MCN,D1-LOW,LN1-LOW,4PL,,1PP,,,,,,,,,,STORETYPE-MCN   STATE-NSW   TIERDAY-D1-LOW   TIERLN-LN1-LOW   DRINKS-CANS   CATEGORY-MALL,,STORETYPE-MALL,,,,,,,,,,5,5,,"NSW 9, NSW 15",
1231,Corio,VIC,FSDT,D5-HIGH,LN5-HIGH,5PP,,,,3PP,,1PP,,,,,,STORETYPE-FSDT   STATE-VIC   TIERDAY-D5-HIGH   TIERLN-LN5-HIGH   DRINKS-CANS,,,,,,,,,,,,9,9,,VIC 5,
1235,Doncaster,VIC,FSDT,D3-MID,LN3-MID,4PL,,,,3PP,,1PP,,,,,,STORETYPE-FSDT   STATE-VIC   TIERDAY-D3-MID   TIERLN-LN3-MID   DRINKS-CANS,,,,,,,,,,,,8,8,,,
1237,Vermont,VIC,FSDT,D3-MID,LN3-MID,4PL,,,,3PP,,,,,,,,STORETYPE-FSDT   STATE-VIC   TIERDAY-D3-MID   TIERLN-LN3-MID   DRINKS-CANS,,,,,,,,,,,,7,7,,,
1238,Laverton,VIC,FSDT,D4-MIDHIGH,LN4-MIDHIGH,5PP,,1PP,,3PP,3PP,1PP,1PP,,,,,STORETYPE-FSDT   STATE-VIC   TIERDAY-D4-MIDHIGH   TIERLN-LN4-MIDHIGH   DRINKS-CANS,,,,,,,,,,,,14,13,,VIC 5,
1239,Bankstown Square Food Court,NSW,MCN,D1-LOW,LN1-LOW,4PL,,,,,,,,,,,,STORETYPE-MCN   STATE-NSW   TIERDAY-D1-LOW   TIERLN-LN1-LOW   DRINKS-CANS   CATEGORY-MALL,,STORETYPE-MALL,,,,,,,,,,4,4,,,
1241,Belconnen Food Court,ACT,MCN,D1-LOW,LN1-LOW,4PL,,1PP,,,,,,,,,,STORETYPE-MCN   STATE-ACT   TIERDAY-D1-LOW   TIERLN-LN1-LOW   DRINKS-CANS   CATEGORY-MALL,,STORETYPE-MALL,,,,,,,,,,5,4,Canberra,Canberra 1,
1242,Bega,NSW,INL,D2-MIDLOW,LN2-MIDLOW,4PL,,,,,,,,,,,,STORETYPE-INL   STATE-NSW   TIERDAY-D2-MIDLOW   TIERLN-LN2-MIDLOW   DRINKS-CANS,,,,,,,,,,,,4,4,Wollongong,,
1244,Dickson,ACT,FSDT,D4-MIDHIGH,LN4-MIDHIGH,4PL,,,,3PP,,,,,,,,STORETYPE-FSDT   STATE-ACT   TIERDAY-D4-MIDHIGH   TIERLN-LN4-MIDHIGH   DRINKS-CANS,,,,,,,,,,,,7,7,Canberra,Canberra 1,
1245,Goulburn,ACT,FSDT,D5-HIGH,LN5-HIGH,4PL,,,,3PP,,,,,,,,STORETYPE-FSDT   STATE-ACT   TIERDAY-D5-HIGH   TIERLN-LN5-HIGH   DRINKS-CANS,,,,,,,,,,,,7,7,Canberra,,
1246,Fyshwick,ACT,FSDT,D3-MID,LN3-MID,4PL,,1PP,,3PP,,,,,,,,STORETYPE-FSDT   STATE-ACT   TIERDAY-D3-MID   TIERLN-LN3-MID   DRINKS-CANS,,,,,,,,,,,,8,10,Canberra,Canberra 1,
1247,Tuggeranong,ACT,FSDT,D5-HIGH,LN5-HIGH,5PP,,,,3PP,3PP,,,,,,,STORETYPE-FSDT   STATE-ACT   TIERDAY-D5-HIGH   TIERLN-LN5-HIGH   DRINKS-CANS,,,,,,,,,,,,11,11,Canberra,Canberra 1,
1248,Queanbeyan,ACT,FSDT,D4-MIDHIGH,LN4-MIDHIGH,4PL,,,,3PP,3PP,,,,,,,STORETYPE-FSDT   STATE-ACT   TIERDAY-D4-MIDHIGH   TIERLN-LN4-MIDHIGH   DRINKS-CANS,,,,,,,,,,,,10,10,Canberra,Canberra 1,
1249,Hawker,ACT,FSDT,D3-MID,LN3-MID,4PL,,,,3PP,,,,,,,,STORETYPE-FSDT   STATE-ACT   TIERDAY-D3-MID   TIERLN-LN3-MID   DRINKS-CANS,,,,,,,,,,,,7,9,Canberra,Canberra 1,
1250,Chirnside Park FC,VIC,MCN,D1-LOW,LN1-LOW,4PL,,,,,,,,,,,,STORETYPE-MCN   STATE-VIC   TIERDAY-D1-LOW   TIERLN-LN1-LOW   DRINKS-CANS   CATEGORY-MALL,,STORETYPE-MALL,,,,,,,,,,4,4,,,
1251,North Wagga- NSW,NSW,FSDT,D5-HIGH,LN5-HIGH,4PL,,,,3PP,,1PP,,,,,,STORETYPE-FSDT   STATE-NSW   TIERDAY-D5-HIGH   TIERLN-LN5-HIGH   DRINKS-CANS,,,,,,,,,,,,8,8,,,Collin2
1253,Narellan,NSW,FSDT,D4-MIDHIGH,LN4-MIDHIGH,4PL,,,,3PP,,,,,,,,STORETYPE-FSDT   STATE-NSW   TIERDAY-D4-MIDHIGH   TIERLN-LN4-MIDHIGH   EXPOCD-LANE1   DRINKS-CANS,,,,,,,,,,,EXPOCD-LANE1,7,7,,,
1254,Fairfield,NSW,FSDT,D3-MID,LN3-MID,4PL,,,,3PP,,1PP,,,,,,STORETYPE-FSDT   STATE-NSW   TIERDAY-D3-MID   TIERLN-LN3-MID   DRINKS-CANS,,,,,,,,,,,,8,8,,,
1256,Bourke Street Melbourne,VIC,INL,D1-LOW,LN1-LOW,4PL,,,,,,,,,,,,STORETYPE-INL   STATE-VIC   TIERDAY-D1-LOW   TIERLN-LN1-LOW   DRINKS-CANS,,,,,,,,,,,,4,4,,,
1258,Tumut- NSW,NSW,FSDT,D5-HIGH,LN5-HIGH,4PL,,,,3PP,,1PP,,,,,,STORETYPE-FSDT   STATE-NSW   TIERDAY-D5-HIGH   TIERLN-LN5-HIGH   DRINKS-CANS,,,,,,,,,,,,8,8,Canberra Bleed Store,,Collin2
1260,Moonee Ponds,VIC,FSDT,D4-MIDHIGH,LN4-MIDHIGH,4PL,,,,3PP,,,,,,,,STORETYPE-FSDT   STATE-VIC   TIERDAY-D4-MIDHIGH   TIERLN-LN4-MIDHIGH   DRINKS-CANS,,,,,,,,,,,,7,7,,,
1261,Fawkner,VIC,FSDT,D3-MID,LN3-MID,4PL,,,,3PP,,,,,,,,STORETYPE-FSDT   STATE-VIC   TIERDAY-D3-MID   TIERLN-LN3-MID   DRINKS-CANS,,,,,,,,,,,,7,7,,,
1263,Broken Hill,NSW,FSDT,D7-REMOTE,LN7-REMOTE,4PL,,1PP,,3PP,,1PP,,,,,,STORETYPE-FSDT   STATE-NSW   TIERDAY-D7-REMOTE   TIERLN-LN7-REMOTE   DRINKS-CANS,,,,,,,,,,,,9,9,,,
1265,East Lismore,NSW,FSDT,D5-HIGH,LN5-HIGH,5PP,,1PP,,3PP,,1PP,,,,,,STORETYPE-FSDT   STATE-NSW   TIERDAY-D5-HIGH   TIERLN-LN5-HIGH   DRINKS-CANS,,,,,,,,,,,,10,10,Northern Riverlands,NSW 8,
1266,Grafton,NSW,FSDT,D5-HIGH,LN5-HIGH,4PL,,1PP,,3PP,,1PP,,,,,,STORETYPE-FSDT   STATE-NSW   TIERDAY-D5-HIGH   TIERLN-LN5-HIGH   DRINKS-CANS,,,,,,,,,,,,9,9,Northern Riverlands,NSW 8,
1267,Glen Innes,NSW,FSDT,D5-HIGH,LN5-HIGH,4PL,,1PP,,3PP,,1PP,,,,,,STORETYPE-FSDT   STATE-NSW   TIERDAY-D5-HIGH   TIERLN-LN5-HIGH   DRINKS-CANS,,,,,,,,,,,,9,9,,,
1268,Ballina,NSW,FSDT,D5-HIGH,LN5-HIGH,4PL,,1PP,,3PP,,1PP,,,,,,STORETYPE-FSDT   STATE-NSW   TIERDAY-D5-HIGH   TIERLN-LN5-HIGH   DRINKS-CANS,,,,,,,,,,,,9,10,Northern Riverlands,NSW 8,
1269,Narrabri,NSW,FSDT,D5-HIGH,LN5-HIGH,4PL,,,,3PP,,1PP,,,,,,STORETYPE-FSDT   STATE-NSW   TIERDAY-D5-HIGH   TIERLN-LN5-HIGH   DRINKS-CANS,,,,,,,,,,,,8,8,,,
1270,Gunnedah,NSW,FSDT,D5-HIGH,LN5-HIGH,4PL,,,,3PP,,1PP,,,,,,STORETYPE-FSDT   STATE-NSW   TIERDAY-D5-HIGH   TIERLN-LN5-HIGH   DRINKS-CANS,,,,,,,,,,,,8,8,,,
1271,Moree,NSW,FSDT,D5-HIGH,LN5-HIGH,4PL,,,,3PP,,1PP,,,,,,STORETYPE-FSDT   STATE-NSW   TIERDAY-D5-HIGH   TIERLN-LN5-HIGH   DRINKS-CANS,,,,,,,,,,,,8,9,,,
1272,Tamworth,NSW,FSDT,D5-HIGH,LN5-HIGH,5PP,,1PP,,3PP,,1PP,,,,,,STORETYPE-FSDT   STATE-NSW   TIERDAY-D5-HIGH   TIERLN-LN5-HIGH   DRINKS-CANS,,,,,,,,,,,,10,9,,,
1274,Kempsey,NSW,FSDT,D5-HIGH,LN5-HIGH,4PL,,,,3PP,,1PP,,,,,,STORETYPE-FSDT   STATE-NSW   TIERDAY-D5-HIGH   TIERLN-LN5-HIGH   DRINKS-CANS,,,,,,,,,,,,8,9,Northern Riverlands,,
1275,Taree,NSW,FSDT,D5-HIGH,LN5-HIGH,4PL,,1PP,,3PP,,1PP,,,,,,STORETYPE-FSDT   STATE-NSW   TIERDAY-D5-HIGH   TIERLN-LN5-HIGH   DRINKS-CANS,,,,,,,,,,,,9,9,,,
1276,Armidale,NSW,FSDT,D5-HIGH,LN5-HIGH,4PL,,,,3PP,,1PP,,,,,,STORETYPE-FSDT   STATE-NSW   TIERDAY-D5-HIGH   TIERLN-LN5-HIGH   DRINKS-CANS,,,,,,,,,,,,8,8,,,
1277,Dulwich Hill,NSW,FSDT,D3-MID,LN3-MID,4PL,,,,3PP,3PP,,,,,,,STORETYPE-FSDT   STATE-NSW   TIERDAY-D3-MID   TIERLN-LN3-MID   BADGE-HNS   DRINKS-CANS,,,,,,,,BADGE-HNS,,,,10,10,,,
1278,Earlwood,NSW,FSDT,D4-MIDHIGH,LN4-MIDHIGH,4PL,,1PP,,3PP,,1PP,,,,,,STORETYPE-FSDT   STATE-NSW   TIERDAY-D4-MIDHIGH   TIERLN-LN4-MIDHIGH   DRINKS-CANS,,,,,,,,,,,,9,9,,,
1279,Yagoona,NSW,FSDT,D3-MID,LN3-MID,4PL,,1PP,,3PP,,,,,,,,STORETYPE-FSDT   STATE-NSW   TIERDAY-D3-MID   TIERLN-LN3-MID   DRINKS-CANS,,,,,,,,,,,,8,8,,,
1280,Enfield,NSW,FSDT,D4-MIDHIGH,LN4-MIDHIGH,4PL,,1PP,,3PP,,1PP,,,,,,STORETYPE-FSDT   STATE-NSW   TIERDAY-D4-MIDHIGH   TIERLN-LN4-MIDHIGH   DRINKS-CANS,,,,,,,,,,,,9,9,,,
1281,Bankstown South,NSW,FSDT,D4-MIDHIGH,LN4-MIDHIGH,4PL,,1PP,,3PP,,1PP,,,,,,STORETYPE-FSDT   STATE-NSW   TIERDAY-D4-MIDHIGH   TIERLN-LN4-MIDHIGH   PREP-HAL   DRINKS-CANS,,,,,,,PREP-HAL,,,,,9,9,,,
1282,Punchbowl,NSW,FSDT,D3-MID,LN3-MID,4PL,,1PP,,3PP,,1PP,,,,,,STORETYPE-FSDT   STATE-NSW   TIERDAY-D3-MID   TIERLN-LN3-MID   PREP-HAL   DRINKS-CANS,,,,,,,PREP-HAL,,,,,9,8,,,
1285,Campsie,NSW,INL,D1-LOW,LN1-LOW,4PL,,1PP,,,,,,,,,,STORETYPE-INL   STATE-NSW   TIERDAY-D1-LOW   TIERLN-LN1-LOW   DRINKS-CANS,,,,,,,,,,,,5,5,,,
1287,Revesby,NSW,FSDT,D4-MIDHIGH,LN4-MIDHIGH,4PL,,,,3PP,,,,,,,,STORETYPE-FSDT   STATE-NSW   TIERDAY-D4-MIDHIGH   TIERLN-LN4-MIDHIGH   DRINKS-CANS,,,,,,,,,,,,7,7,,,
1288,Riverwood,NSW,FSDT,D4-MIDHIGH,LN4-MIDHIGH,4PL,,1PP,1PP,3PP,3PP,1PP,,,,,,STORETYPE-FSDT   STATE-NSW   TIERDAY-D4-MIDHIGH   TIERLN-LN4-MIDHIGH   DRINKS-CANS,,,,,,,,,,,,13,12,,,
1290,Five Dock,NSW,FSDT,D3-MID,LN3-MID,4PL,,,,3PP,,1PP,,,,,,STORETYPE-FSDT   STATE-NSW   TIERDAY-D3-MID   TIERLN-LN3-MID   DRINKS-CANS,,,,,,,,,,,,8,8,,,
1291,Concord,NSW,FSDT,D3-MID,LN3-MID,4PL,,,,3PP,,1PP,,,,,,STORETYPE-FSDT   STATE-NSW   TIERDAY-D3-MID   TIERLN-LN3-MID   DRINKS-CANS,,,,,,,,,,,,8,9,,,
1292,St Peters,NSW,FSDT,D3-MID,LN3-MID,4PL,,,,3PP,,,,,,,,STORETYPE-FSDT   STATE-NSW   TIERDAY-D3-MID   TIERLN-LN3-MID   DRINKS-CANS,,,,,,,,,,,,7,7,,,
1293,Sans Souci,NSW,FSDT,D3-MID,LN3-MID,4PL,,,,3PP,,,,,,,,STORETYPE-FSDT   STATE-NSW   TIERDAY-D3-MID   TIERLN-LN3-MID   DRINKS-CANS,,,,,,,,,,,,7,7,,,
1295,Miranda,NSW,FSDT,D4-MIDHIGH,LN4-MIDHIGH,4PL,,,,3PP,,1PP,,,,,,STORETYPE-FSDT   STATE-NSW   TIERDAY-D4-MIDHIGH   TIERLN-LN4-MIDHIGH   DRINKS-CANS,,,,,,,,,,,,8,9,,NSW 11,
1297,Hurstville,NSW,FSDT,D3-MID,LN3-MID,4PL,,1PP,,3PP,,1PP,,,,,,STORETYPE-FSDT   STATE-NSW   TIERDAY-D3-MID   TIERLN-LN3-MID   DRINKS-CANS,,,,,,,,,,,,9,8,,,
1299,Miranda Food Court,NSW,MCN,D1-LOW,LN1-LOW,4PL,,,,,,,,,,,,STORETYPE-MCN   STATE-NSW   TIERDAY-D1-LOW   TIERLN-LN1-LOW   DRINKS-CANS   CATEGORY-MALL,,STORETYPE-MALL,,,,,,,,,,4,4,,NSW 11,
1300,Pagewood,NSW,FSDT,D3-MID,LN3-MID,4PL,,,,3PP,,1PP,,,,,,STORETYPE-FSDT   STATE-NSW   TIERDAY-D3-MID   TIERLN-LN3-MID   DRINKS-CANS,,,,,,,,,,,,8,8,,,
1301,George Street Sydney,NSW,INL,D1-LOW,LN1-LOW,5PP,,1PP,,,,,,,,,,STORETYPE-INL   STATE-NSW   TIERDAY-D1-LOW   TIERLN-LN1-LOW   BADGE-HNS   DRINKS-CANS,,,,,,,,BADGE-HNS,,,,6,5,,,
1304,Randwick,NSW,INL,D1-LOW,LN1-LOW,4PL,,,,,,,,,,,,STORETYPE-INL   STATE-NSW   TIERDAY-D1-LOW   TIERLN-LN1-LOW   DRINKS-CANS,,,,,,,,,,,,4,4,,,
1308,Mt Gambier City,SA,FSDT,D5-HIGH,LN5-HIGH,4PL,,1PP,,3PP,,,,,,,,STORETYPE-FSDT   STATE-SA   TIERDAY-D5-HIGH   TIERLN-LN5-HIGH   EXPOCD-LANE1   DRINKS-CANS,,,,,,,,,,,EXPOCD-LANE1,8,8,South Australia,,
1310,Lindfield,NSW,INL,D1-LOW,LN1-LOW,4PL,,1PP,,,,,,,,,,STORETYPE-INL   STATE-NSW   TIERDAY-D1-LOW   TIERLN-LN1-LOW   DRINKS-CANS,,,,,,,,,,,,5,7,,"NSW 9, NSW 15",
1311,Pakenham,VIC,FSDT,D4-MIDHIGH,LN4-MIDHIGH,4PL,,,,3PP,,,,,,,,STORETYPE-FSDT   STATE-VIC   TIERDAY-D4-MIDHIGH   TIERLN-LN4-MIDHIGH   DRINKS-CANS,,,,,,,,,,,,7,7,,,
1314,Ulladulla,NSW,FSDT,D5-HIGH,LN5-HIGH,4PL,,,,3PP,,,,,,,,STORETYPE-FSDT   STATE-NSW   TIERDAY-D5-HIGH   TIERLN-LN5-HIGH   DRINKS-CANS,,,,,,,,,,,,7,7,Wollongong,,
1315,Burwood Food Court,NSW,MCN,D1-LOW,LN1-LOW,4PL,,1PP,,,,,,,,,,STORETYPE-MCN   STATE-NSW   TIERDAY-D1-LOW   TIERLN-LN1-LOW   DRINKS-CANS   CATEGORY-MALL,,STORETYPE-MALL,,,,,,,,,,5,5,,,
1316,Coffs Harbour South,NSW,FSDT,D5-HIGH,LN5-HIGH,4PL,,,,3PP,,1PP,,,,,,STORETYPE-FSDT   STATE-NSW   TIERDAY-D5-HIGH   TIERLN-LN5-HIGH   DRINKS-CANS,,,,,,,,,,,,8,8,Northern Riverlands,,
1317,Hallam,VIC,FSDT,D4-MIDHIGH,LN4-MIDHIGH,4PL,,,,3PP,,,,,,,,STORETYPE-FSDT   STATE-VIC   TIERDAY-D4-MIDHIGH   TIERLN-LN4-MIDHIGH   DRINKS-CANS,,,,,,,,,,,,7,7,,,
1318,Hoppers Crossing 2,VIC,FSDT,D3-MID,LN3-MID,5PP,,1PP,,3PP,3PP,1PP,1PP,,,,,STORETYPE-FSDT   STATE-VIC   TIERDAY-D3-MID   TIERLN-LN3-MID   EXPOCD-LANE1   EXPOCD-LANE2   DRINKS-CANS,,,,,,,,,,,"EXPOCD-LANE1,EXPOCD-LANE2",14,14,,VIC 5,
1319,Woden,ACT,FSDT,D4-MIDHIGH,LN4-MIDHIGH,5PP,,,,3PP,,,,,,,,STORETYPE-FSDT   STATE-ACT   TIERDAY-D4-MIDHIGH   TIERLN-LN4-MIDHIGH   DRINKS-CANS,,,,,,,,,,,,8,8,Canberra,Canberra 1,
1322,Leongatha,VIC,FSDT,D5-HIGH,LN5-HIGH,5PP,,,,3PP,,,,,,,,STORETYPE-FSDT   STATE-VIC   TIERDAY-D5-HIGH   TIERLN-LN5-HIGH   DRINKS-CANS,,,,,,,,,,,,8,8,Gippsland,,
1329,West End Plaza Food Court,NSW,MCN,D3-MID,LN3-MID,4PL,,,,,,,,,,,,STORETYPE-MCN   STATE-NSW   TIERDAY-D3-MID   TIERLN-LN3-MID   FREEZE-PRX   DRINKS-CANS   CATEGORY-MALL,,STORETYPE-MALL,,FREEZE-PRX,,,,,,,,4,4,,,Collin2
1330,Ermington,NSW,FSDT,D3-MID,LN3-MID,4PL,,,,3PP,,1PP,,,,,,STORETYPE-FSDT   STATE-NSW   TIERDAY-D3-MID   TIERLN-LN3-MID   DRINKS-CANS,,,,,,,,,,,,8,8,,NSW 12,
1332,Ingleburn,NSW,FSDT,D4-MIDHIGH,LN4-MIDHIGH,4PL,,,,3PP,,,,,,,,STORETYPE-FSDT   STATE-NSW   TIERDAY-D4-MIDHIGH   TIERLN-LN4-MIDHIGH   DRINKS-CANS,,,,,,,,,,,,7,7,,,
1333,Marulan,ACT,FSDT,D5-HIGH,LN5-HIGH,4PL,,,,3PP,,,,,,,,STORETYPE-FSDT   STATE-ACT   TIERDAY-D5-HIGH   TIERLN-LN5-HIGH   DRINKS-CANS,,,,,,,,,,,,7,7,,,
1334,Fountain Gate Food Court,VIC,MCN,D3-MID,LN3-MID,4PL,,,,,,,,,,,,STORETYPE-MCN   STATE-VIC   TIERDAY-D3-MID   TIERLN-LN3-MID   DRINKS-CANS   CATEGORY-MALL,,STORETYPE-MALL,,,,,,,,,,4,4,,,
1335,Wagga Homebase- NSW,NSW,FSDT,D5-HIGH,LN5-HIGH,4PL,,,,3PP,,1PP,,,,,,STORETYPE-FSDT   STATE-NSW   TIERDAY-D5-HIGH   TIERLN-LN5-HIGH   DRINKS-CANS,,,,,,,,,,,,8,11,,,Collin2
1336,Casino,NSW,FSDT,D5-HIGH,LN5-HIGH,4PL,,1PP,,3PP,,1PP,,,,,,STORETYPE-FSDT   STATE-NSW   TIERDAY-D5-HIGH   TIERLN-LN5-HIGH   DRINKS-CANS,,,,,,,,,,,,9,9,Northern Riverlands,NSW 8,
1337,Menai,NSW,FSDT,D4-MIDHIGH,LN4-MIDHIGH,4PL,,1PP,,3PP,,1PP,,,,,,STORETYPE-FSDT   STATE-NSW   TIERDAY-D4-MIDHIGH   TIERLN-LN4-MIDHIGH   DRINKS-CANS,,,,,,,,,,,,9,9,,NSW 11,
1338,Sydenham,VIC,FSDT,D4-MIDHIGH,LN4-MIDHIGH,4PL,,1PP,,3PP,,1PP,,,,,,STORETYPE-FSDT   STATE-VIC   TIERDAY-D4-MIDHIGH   TIERLN-LN4-MIDHIGH   DRINKS-CANS,,,,,,,,,,,,9,9,,VIC 1,
1340,Hastings,VIC,FSDT,D4-MIDHIGH,LN4-MIDHIGH,4PL,,,,3PP,,,,,,,,STORETYPE-FSDT   STATE-VIC   TIERDAY-D4-MIDHIGH   TIERLN-LN4-MIDHIGH   DRINKS-CANS,,,,,,,,,,,,7,7,,,
1341,Flemington,VIC,FSDT,D4-MIDHIGH,LN4-MIDHIGH,5PP,,,,3PP,,1PP,,,,,,STORETYPE-FSDT   STATE-VIC   TIERDAY-D4-MIDHIGH   TIERLN-LN4-MIDHIGH   DRINKS-CANS,,,,,,,,,,,,9,11,,,
1342,Broadway,NSW,INL,D1-LOW,LN1-LOW,4PL,5PP,,,,,,,,,,,STORETYPE-INL   STATE-NSW   TIERDAY-D1-LOW   TIERLN-LN1-LOW   BADGE-HNS   DRINKS-CANS,,,,,,,,BADGE-HNS,,,,9,9,,,
1343,Ashfield Mall,NSW,MCN,D3-MID,LN3-MID,4PL,,,,,,,,,,,,STORETYPE-MCN   STATE-NSW   TIERDAY-D3-MID   TIERLN-LN3-MID   DRINKS-CANS   CATEGORY-MALL,,STORETYPE-MALL,,,,,,,,,,4,4,,,
1345,Mt Annan,NSW,FSDT,D4-MIDHIGH,LN4-MIDHIGH,4PL,,,,3PP,,,,,,,,STORETYPE-FSDT   STATE-NSW   TIERDAY-D4-MIDHIGH   TIERLN-LN4-MIDHIGH   EXPOCD-LANE1   DRINKS-CANS,,,,,,,,,,,EXPOCD-LANE1,7,7,,,
1346,Frankston South,VIC,FSDT,D4-MIDHIGH,LN4-MIDHIGH,4PL,,,,3PP,,,,,,,,STORETYPE-FSDT   STATE-VIC   TIERDAY-D4-MIDHIGH   TIERLN-LN4-MIDHIGH   DRINKS-CANS,,,,,,,,,,,,7,7,,VIC 3,
1348,North Ryde,NSW,INL,D1-LOW,LN1-LOW,4PL,,,,,,,,,,,,STORETYPE-INL   STATE-NSW   TIERDAY-D1-LOW   TIERLN-LN1-LOW   DRINKS-CANS,,,,,,,,,,,,4,4,,,
1350,Berwick South,VIC,FSDT,D4-MIDHIGH,LN4-MIDHIGH,5PP,,1PP,,3PP,3PP,1PP,1PP,,,,,STORETYPE-FSDT   STATE-VIC   TIERDAY-D4-MIDHIGH   TIERLN-LN4-MIDHIGH   EXPOCD-LANE1   EXPOCD-LANE2   DRINKS-CANS,,,,,,,,,,,"EXPOCD-LANE1,EXPOCD-LANE2",14,14,,,
1351,Gungahlin,ACT,FSDT,D4-MIDHIGH,LN4-MIDHIGH,4PL,,,,3PP,3PP,,,,,,,STORETYPE-FSDT   STATE-ACT   TIERDAY-D4-MIDHIGH   TIERLN-LN4-MIDHIGH   DRINKS-CANS,,,,,,,,,,,,10,10,Canberra,Canberra 1,
1352,Endeavour Hills,VIC,FSDT,D4-MIDHIGH,LN4-MIDHIGH,4PL,,1PP,,3PP,,,,,,,,STORETYPE-FSDT   STATE-VIC   TIERDAY-D4-MIDHIGH   TIERLN-LN4-MIDHIGH   DRINKS-CANS,,,,,,,,,,,,8,8,,,
1353,Sunshine Market Place,VIC,MCN,D1-LOW,LN1-LOW,4PL,,1PP,,,,,,,,,,STORETYPE-MCN   STATE-VIC   TIERDAY-D1-LOW   TIERLN-LN1-LOW   DRINKS-CANS   CATEGORY-MALL,,STORETYPE-MALL,,,,,,,,,,5,5,,,
1355,Eltham,VIC,FSDT,D3-MID,LN3-MID,4PL,,,,3PP,,,,,,,,STORETYPE-FSDT   STATE-VIC   TIERDAY-D3-MID   TIERLN-LN3-MID   DRINKS-CANS,,,,,,,,,,,,7,7,,,
1356,Carrum Downs,VIC,FSDT,D3-MID,LN3-MID,5PP,,,,3PP,3PP,,,,,,,STORETYPE-FSDT   STATE-VIC   TIERDAY-D3-MID   TIERLN-LN3-MID   DRINKS-CANS,,,,,,,,,,,,11,11,,VIC 3,
1357,North Geelong,VIC,FSDT,D5-HIGH,LN5-HIGH,4PL,,,,3PP,,1PP,,,,,,STORETYPE-FSDT   STATE-VIC   TIERDAY-D5-HIGH   TIERLN-LN5-HIGH   DRINKS-CANS,,,,,,,,,,,,8,8,,VIC 5,
1359,Alice Springs - SA LETTUCE,NT,FSDT,D5-HIGH,LN5-HIGH,4PL,,,,3PP,,,,,,,,STORETYPE-FSDT   STATE-NT   TIERDAY-D5-HIGH   TIERLN-LN5-HIGH   DRINKS-CANS,,,,,,,,,,,,7,8,,,
1363,Rockdale,NSW,FSDT,D3-MID,LN3-MID,4PL,,1PP,,3PP,,1PP,,,,,,STORETYPE-FSDT   STATE-NSW   TIERDAY-D3-MID   TIERLN-LN3-MID   DRINKS-CANS,,,,,,,,,,,,9,8,,,
1364,Mona Vale,NSW,FSDT,D3-MID,LN3-MID,4PL,,,,3PP,,,,,,,,STORETYPE-FSDT   STATE-NSW   TIERDAY-D3-MID   TIERLN-LN3-MID   EXPOCD-LANE1   DRINKS-CANS,,,,,,,,,,,EXPOCD-LANE1,7,10,,,
1366,Sturt Mall Food Court- NSW,NSW,MCN,D3-MID,LN3-MID,4PL,,,,,,,,,,,,STORETYPE-MCN   STATE-NSW   TIERDAY-D3-MID   TIERLN-LN3-MID   DRINKS-CANS   CATEGORY-MALL,,STORETYPE-MALL,,,,,,,,,,4,4,,,Collin2
1367,Erina Fair,NSW,MCN,D2-MIDLOW,LN2-MIDLOW,4PL,,,,,,,,,,,,STORETYPE-MCN   STATE-NSW   TIERDAY-D2-MIDLOW   TIERLN-LN2-MIDLOW   FREEZE-PXM   DRINKS-CANS   CATEGORY-MALL,,STORETYPE-MALL,,FREEZE-PXM,,,,,,,,4,4,,NSW 2,
1368,Melbourne Central Food Court,VIC,MCN,D2-MIDLOW,LN2-MIDLOW,5PP,,,,,,,,,,,,STORETYPE-MCN   STATE-VIC   TIERDAY-D2-MIDLOW   TIERLN-LN2-MIDLOW   DRINKS-CANS   CATEGORY-MALL,,STORETYPE-MALL,,,,,,,,,,5,5,,,
1371,Tahmoor,NSW,FSDT,D5-HIGH,LN5-HIGH,4PL,,,,3PP,,,,,,,,STORETYPE-FSDT   STATE-NSW   TIERDAY-D5-HIGH   TIERLN-LN5-HIGH   DRINKS-CANS,,,,,,,,,,,,7,7,,,
1373,Burwood East,VIC,FSDT,D3-MID,LN3-MID,4PL,,,,3PP,,,,,,,,STORETYPE-FSDT   STATE-VIC   TIERDAY-D3-MID   TIERLN-LN3-MID   DRINKS-CANS,,,,,,,,,,,,7,7,,,
1374,Ashfield,NSW,FSDT,D3-MID,LN3-MID,4PL,,1PP,,3PP,,1PP,,,,,,STORETYPE-FSDT   STATE-NSW   TIERDAY-D3-MID   TIERLN-LN3-MID   DRINKS-CANS,,,,,,,,,,,,9,9,,,
1375,Lakemba,NSW,FSDT,D3-MID,LN3-MID,4PL,,,,3PP,,,,,,,,STORETYPE-FSDT   STATE-NSW   TIERDAY-D3-MID   TIERLN-LN3-MID   PREP-HAL   DRINKS-CANS,,,,,,,PREP-HAL,,,,,7,7,,,
1377,Werribee Plaza,VIC,MCN,D2-MIDLOW,LN2-MIDLOW,4PL,,,,,,,,,,,,STORETYPE-MCN   STATE-VIC   TIERDAY-D2-MIDLOW   TIERLN-LN2-MIDLOW   DRINKS-CANS   CATEGORY-MALL,,STORETYPE-MALL,,,,,,,,,,4,4,,VIC 5,
1379,Liverpool Food Court,NSW,MCN,D3-MID,LN3-MID,4PL,,,,,,,,,,,,STORETYPE-MCN   STATE-NSW   TIERDAY-D3-MID   TIERLN-LN3-MID   DRINKS-CANS   CATEGORY-MALL,,STORETYPE-MALL,,,,,,,,,,4,4,,,
1380,Riverstone,NSW,INL,D1-LOW,LN1-LOW,4PL,,,,,,,,,,,,STORETYPE-INL   STATE-NSW   TIERDAY-D1-LOW   TIERLN-LN1-LOW   DRINKS-CANS,,,,,,,,,,,,4,4,,,
1381,Caulfield,VIC,INL,D3-MID,LN3-MID,5PP,,,,,,,,,,,,STORETYPE-INL   STATE-VIC   TIERDAY-D3-MID   TIERLN-LN3-MID   DRINKS-CANS,,,,,,,,,,,,5,5,,,
1382,Melton Caltex,VIC,FSDT,D4-MIDHIGH,LN4-MIDHIGH,5PP,,1PP,,3PP,,,,,,,,STORETYPE-FSDT   STATE-VIC   TIERDAY-D4-MIDHIGH   TIERLN-LN4-MIDHIGH   DRINKS-CANS,,,,,,,,,,,,9,8,,,
1383,Yarraville,VIC,FSDT,D3-MID,LN3-MID,5PP,,1PP,,,3PP,,,,,,,STORETYPE-FSDT   STATE-VIC   TIERDAY-D3-MID   TIERLN-LN3-MID   DRINKS-CANS,,,,,,,,,,,,9,11,,VIC 5,
1384,Albury- NSW,NSW,FSDT,D5-HIGH,LN5-HIGH,4PL,,,,3PP,,1PP,,,,,,STORETYPE-FSDT   STATE-NSW   TIERDAY-D5-HIGH   TIERLN-LN5-HIGH   DRINKS-CANS,,,,,,,,,,,,8,8,,,Collin2
1385,Nunawading,VIC,FSDT,D3-MID,LN3-MID,4PL,,,,3PP,,,,,,,,STORETYPE-FSDT   STATE-VIC   TIERDAY-D3-MID   TIERLN-LN3-MID   DRINKS-CANS,,,,,,,,,,,,7,7,,,
1386,Wonthaggi,VIC,FSDT,D5-HIGH,LN5-HIGH,4PL,,,,3PP,,,,,,,,STORETYPE-FSDT   STATE-VIC   TIERDAY-D5-HIGH   TIERLN-LN5-HIGH   DRINKS-CANS,,,,,,,,,,,,7,7,,,
1388,Ferntree Gully,VIC,FSDT,D4-MIDHIGH,LN4-MIDHIGH,5PP,,1PP,,3PP,,1PP,,,,,,STORETYPE-FSDT   STATE-VIC   TIERDAY-D4-MIDHIGH   TIERLN-LN4-MIDHIGH   DRINKS-CANS,,,,,,,,,,,,10,9,,,
1389,Maryborough VIC,VIC,FSDT,D5-HIGH,LN5-HIGH,4PL,,1PP,,3PP,,,,,,,,STORETYPE-FSDT   STATE-VIC   TIERDAY-D5-HIGH   TIERLN-LN5-HIGH   SCHEDULE--ISM-4PL--ISM-4PLTEST   bendigo_lunch   DRINKS-CANS,SCHEDULE--ISM-4PL--ISM-4PLTEST,,,,,,,,bendigo_lunch,,,8,8,Bendigo,,
1390,Macarthur Shopping Centre,NSW,MCP,D3-MID,LN3-MID,4PL,,,,,,,,,,,,STORETYPE-MCP   STATE-NSW   TIERDAY-D3-MID   TIERLN-LN3-MID   DRINKS-CUPS   CATEGORY-MALL,,STORETYPE-MALL,DRINKS-CUPS,,,,,,,,,4,4,,,
1391,Ocean Grove,VIC,FSDT,D5-HIGH,LN5-HIGH,5PP,,1PP,,3PP,,1PP,,,,,,STORETYPE-FSDT   STATE-VIC   TIERDAY-D5-HIGH   TIERLN-LN5-HIGH   DRINKS-CANS,,,,,,,,,,,,10,9,,VIC 5,
1392,Highpoint - Level 3,VIC,MCN,D1-LOW,LN1-LOW,5PP,,,,,,,,,,,,STORETYPE-MCN   STATE-VIC   TIERDAY-D1-LOW   TIERLN-LN1-LOW   DRINKS-CANS   CATEGORY-MALL,,STORETYPE-MALL,,,,,,,,,,5,5,,,
1393,Dandenong Market,VIC,FSDT,D4-MIDHIGH,LN4-MIDHIGH,4PL,,1PP,,3PP,,,,,,,,STORETYPE-FSDT   STATE-VIC   TIERDAY-D4-MIDHIGH   TIERLN-LN4-MIDHIGH   DRINKS-CANS,,,,,,,,,,,,8,7,,,
1394,Lavington Square Food Court,NSW,MCN,D3-MID,LN3-MID,4PL,,,,,,,,,,,,STORETYPE-MCN   STATE-NSW   TIERDAY-D3-MID   TIERLN-LN3-MID   DRINKS-CANS   CATEGORY-MALL,,STORETYPE-MALL,,,,,,,,,,4,4,,,Collin2
1395,Wantirna,VIC,FSDT,D3-MID,LN3-MID,5PP,,1PP,,3PP,,1PP,,,,,,STORETYPE-FSDT   STATE-VIC   TIERDAY-D3-MID   TIERLN-LN3-MID   DRINKS-CANS,,,,,,,,,,,,10,12,,,
1396,Lynbrook,VIC,FSDT,D4-MIDHIGH,LN4-MIDHIGH,4PL,,,,3PP,,,,,,,,STORETYPE-FSDT   STATE-VIC   TIERDAY-D4-MIDHIGH   TIERLN-LN4-MIDHIGH   DRINKS-CANS,,,,,,,,,,,,7,7,,,
1397,401 Swanston Street,VIC,INL,D1-LOW,LN1-LOW,4PL,,1PP,,,,,,,,,,STORETYPE-INL   STATE-VIC   TIERDAY-D1-LOW   TIERLN-LN1-LOW   DRINKS-CANS,,,,,,,,,,,,5,4,,,
1398,Wallan,VIC,FSDT,D5-HIGH,LN5-HIGH,5PP,,1PP,,3PP,,1PP,,,,,,STORETYPE-FSDT   STATE-VIC   TIERDAY-D5-HIGH   TIERLN-LN5-HIGH   DRINKS-CANS,,,,,,,,,,,,10,9,,,
1399,Mittagong Food Court,NSW,MCN,D2-MIDLOW,LN2-MIDLOW,4PL,4PL,,,,,,,,,,,STORETYPE-MCN   STATE-NSW   TIERDAY-D2-MIDLOW   TIERLN-LN2-MIDLOW   DRINKS-CANS   CATEGORY-MALL,,STORETYPE-MALL,,,,,,,,,,8,8,Wollongong,,
1400,Lakehaven Food Court,NSW,MCN,D2-MIDLOW,LN2-MIDLOW,4PL,,,,,,,,,,,,STORETYPE-MCN   STATE-NSW   TIERDAY-D2-MIDLOW   TIERLN-LN2-MIDLOW   DRINKS-CANS   CATEGORY-MALL,,STORETYPE-MALL,,,,,,,,,,4,4,,,
1401,North Wyong,NSW,FSDT,D4-MIDHIGH,LN4-MIDHIGH,5PP,,,,3PP,3PP,1PP,,,,,,STORETYPE-FSDT   STATE-NSW   TIERDAY-D4-MIDHIGH   TIERLN-LN4-MIDHIGH   DRINKS-CANS,,,,,,,,,,,,12,12,,,
1402,Yarrawonga,VIC,FSDT,D5-HIGH,LN5-HIGH,4PL,,,,3PP,,1PP,,,,,,STORETYPE-FSDT   STATE-VIC   TIERDAY-D5-HIGH   TIERLN-LN5-HIGH   DRINKS-CANS,,,,,,,,,,,,8,8,,,Collin2
1403,Calder Inbound,VIC,FSDT,D5-HIGH,LN5-HIGH,4PL,,,,3PP,,1PP,,,,,,STORETYPE-FSDT   STATE-VIC   TIERDAY-D5-HIGH   TIERLN-LN5-HIGH   DRINKS-CANS,,,,,,,,,,,,8,8,,,
1404,Calder Outbound,VIC,FSDT,D5-HIGH,LN5-HIGH,4PL,,1PP,,3PP,,1PP,,,,,,STORETYPE-FSDT   STATE-VIC   TIERDAY-D5-HIGH   TIERLN-LN5-HIGH   DRINKS-CANS,,,,,,,,,,,,9,9,,,
1405,Wyndham Vale,VIC,FSDT,D5-HIGH,LN5-HIGH,4PL,,1PP,,3PP,,1PP,,,,,,STORETYPE-FSDT   STATE-VIC   TIERDAY-D5-HIGH   TIERLN-LN5-HIGH   DRINKS-CANS,,,,,,,,,,,,9,9,,VIC 5,
1407,Engadine,NSW,FSDT,D4-MIDHIGH,LN4-MIDHIGH,4PL,,,,3PP,,1PP,,,,,,STORETYPE-FSDT   STATE-NSW   TIERDAY-D4-MIDHIGH   TIERLN-LN4-MIDHIGH   DRINKS-CANS,,,,,,,,,,,,8,8,,NSW 11,
1408,Mildura,VIC,FSDT,D5-HIGH,LN5-HIGH,5PP,,,,3PP,,1PP,,,,,,STORETYPE-FSDT   STATE-VIC   TIERDAY-D5-HIGH   TIERLN-LN5-HIGH   DRINKS-CANS,,,,,,,,,,,,9,9,,,
1409,Tarneit,VIC,FSDT,D5-HIGH,LN5-HIGH,4PL,,,,3PP,,1PP,,,,,,STORETYPE-FSDT   STATE-VIC   TIERDAY-D5-HIGH   TIERLN-LN5-HIGH   DRINKS-CANS,,,,,,,,,,,,8,9,,VIC 5,
1410,Kurri Kurri,NSW,FSDT,D5-HIGH,LN5-HIGH,4PL,,,,3PP,,1PP,,,,,,STORETYPE-FSDT   STATE-NSW   TIERDAY-D5-HIGH   TIERLN-LN5-HIGH   DRINKS-CANS,,,,,,,,,,,,8,8,Newcastle,,
1411,Port Macquarie II,NSW,FSDT,D5-HIGH,LN5-HIGH,4PL,,,,3PP,3PP,1PP,1PP,,,,,STORETYPE-FSDT   STATE-NSW   TIERDAY-D5-HIGH   TIERLN-LN5-HIGH   DRINKS-CANS,,,,,,,,,,,,12,12,Northern Riverlands Bleed Store,,
1412,Crossroads,NSW,FSDT,D3-MID,LN3-MID,5PP,,,,3PP,,1PP,,,,,,STORETYPE-FSDT   STATE-NSW   TIERDAY-D3-MID   TIERLN-LN3-MID   DRINKS-CANS,,,,,,,,,,,,9,9,,,
1413,Dandenong Plaza,VIC,MCP,D1-LOW,LN1-LOW,4PL,,,,,,,,,,,,STORETYPE-MCP   STATE-VIC   TIERDAY-D1-LOW   TIERLN-LN1-LOW   FREEZE-PXM   DRINKS-CUPS   CATEGORY-MALL,,STORETYPE-MALL,DRINKS-CUPS,FREEZE-PXM,,,,,,,,4,4,,,
1415,Watergardens,VIC,MCN,D1-LOW,LN1-LOW,4PL,,,,,,,,,,,,STORETYPE-MCN   STATE-VIC   TIERDAY-D1-LOW   TIERLN-LN1-LOW   DRINKS-CANS   CATEGORY-MALL,,STORETYPE-MALL,,,,,,,,,,4,4,,,
1416,Rouse Hill Food Court,NSW,MCN,D2-MIDLOW,LN2-MIDLOW,4PL,,,,,,,,,,,,STORETYPE-MCN   STATE-NSW   TIERDAY-D2-MIDLOW   TIERLN-LN2-MIDLOW   DRINKS-CANS   CATEGORY-MALL,,STORETYPE-MALL,,,,,,,,,,4,4,,NSW 10,
1417,East Wodonga,VIC,FSDT,D5-HIGH,LN5-HIGH,4PL,,,,3PP,,1PP,,,,,,STORETYPE-FSDT   STATE-VIC   TIERDAY-D5-HIGH   TIERLN-LN5-HIGH   DRINKS-CANS,,,,,,,,,,,,8,7,,,Collin2
1418,Lakes Entrance,VIC,INL,D2-MIDLOW,LN2-MIDLOW,4PL,,1PP,,,,,,,,,,STORETYPE-INL   STATE-VIC   TIERDAY-D2-MIDLOW   TIERLN-LN2-MIDLOW   DRINKS-CANS,,,,,,,,,,,,5,5,Gippsland,,
1419,Taree Service Centre,NSW,FSDT,D5-HIGH,LN5-HIGH,4PL,,1PP,,3PP,,1PP,,,,,,STORETYPE-FSDT   STATE-NSW   TIERDAY-D5-HIGH   TIERLN-LN5-HIGH   DRINKS-CANS,,,,,,,,,,,,9,9,,,
1420,Morisset,NSW,FSDT,D3-MID,LN3-MID,4PL,,,,3PP,,1PP,,,,,,STORETYPE-FSDT   STATE-NSW   TIERDAY-D3-MID   TIERLN-LN3-MID   DRINKS-CANS,,,,,,,,,,,,8,8,Newcastle,,
1421,Westfield Geelong,VIC,MCN,D2-MIDLOW,LN2-MIDLOW,4PL,,,,,,,,,,,,STORETYPE-MCN   STATE-VIC   TIERDAY-D2-MIDLOW   TIERLN-LN2-MIDLOW   DRINKS-CANS   CATEGORY-MALL,,STORETYPE-MALL,,,,,,,,,,4,#N/A,,VIC 5,
1422,Mcgraths Hill,NSW,FSDT,D3-MID,LN3-MID,4PL,,,,3PP,,1PP,,,,,,STORETYPE-FSDT   STATE-NSW   TIERDAY-D3-MID   TIERLN-LN3-MID   DRINKS-CANS,,,,,,,,,,,,8,8,,,
1423,Tamworth South,NSW,FSDT,D5-HIGH,LN5-HIGH,4PL,,1PP,,3PP,,1PP,,,,,,STORETYPE-FSDT   STATE-NSW   TIERDAY-D5-HIGH   TIERLN-LN5-HIGH   DRINKS-CANS,,,,,,,,,,,,9,9,,,
1424,Waterfront City Docklands,VIC,INL,D1-LOW,LN1-LOW,4PL,,,,,,,,,,,,STORETYPE-INL   STATE-VIC   TIERDAY-D1-LOW   TIERLN-LN1-LOW   DRINKS-CANS,,,,,,,,,,,,4,4,,,
1425,Wallan 1 (Southbound),VIC,FSDT,D5-HIGH,LN5-HIGH,4PL,,1PP,,3PP,,1PP,,,,,,STORETYPE-FSDT   STATE-VIC   TIERDAY-D5-HIGH   TIERLN-LN5-HIGH   DRINKS-CANS,,,,,,,,,,,,9,8,,,
1426,Wallan 2 (Northbound),VIC,FSDT,D5-HIGH,LN5-HIGH,4PL,,1PP,,3PP,,1PP,,,,,,STORETYPE-FSDT   STATE-VIC   TIERDAY-D5-HIGH   TIERLN-LN5-HIGH   DRINKS-CANS,,,,,,,,,,,,9,8,,,
1427,Mooroopna,VIC,FSDT,D5-HIGH,LN5-HIGH,5PP,,1PP,,3PP,3PP,1PP,1PP,,,,,STORETYPE-FSDT   STATE-VIC   TIERDAY-D5-HIGH   TIERLN-LN5-HIGH   DRINKS-CANS,,,,,,,,,,,,14,14,,,
1428,Grafton Food Court,NSW,MCN,D2-MIDLOW,LN2-MIDLOW,4PL,,1PP,,,,,,,,,,STORETYPE-MCN   STATE-NSW   TIERDAY-D2-MIDLOW   TIERLN-LN2-MIDLOW   DRINKS-CANS   CATEGORY-MALL,,STORETYPE-MALL,,,,,,,,,,5,6,Northern Riverlands,NSW 8,
1430,Gladesville,NSW,FSDT,D4-MIDHIGH,LN4-MIDHIGH,4PL,,1PP,,3PP,,1PP,,,,,,STORETYPE-FSDT   STATE-NSW   TIERDAY-D4-MIDHIGH   TIERLN-LN4-MIDHIGH   DRINKS-CANS,,,,,,,,,,,,9,9,,"NSW 12, NSW 15",
1431,Carlton,VIC,SBX,D1-LOW,LN1-LOW,4PL,,,,,,,,,,,,STORETYPE-SBX   STATE-VIC   TIERDAY-D1-LOW   TIERLN-LN1-LOW   DRINKS-CANS   CATEGORY-SBX,,,,,,,,,,,,4,4,,,
1432,Kew,VIC,FSDT,D4-MIDHIGH,LN4-MIDHIGH,4PL,,,,3PP,,1PP,,,,,,STORETYPE-FSDT   STATE-VIC   TIERDAY-D4-MIDHIGH   TIERLN-LN4-MIDHIGH   DRINKS-CANS,,,,,,,,,,,,8,8,,,
1433,Sydney Central,NSW,MCN,D2-MIDLOW,LN2-MIDLOW,4PL,,,,,,,,,,,,STORETYPE-MCN   STATE-NSW   TIERDAY-D2-MIDLOW   TIERLN-LN2-MIDLOW   DRINKS-CANS   CATEGORY-MALL,,STORETYPE-MALL,,,,,,,,,,4,4,,,
1434,Bendigo Marketplace,VIC,MCN,D2-MIDLOW,LN2-MIDLOW,4PL,,1PP,,,,,,,,,,STORETYPE-MCN   STATE-VIC   TIERDAY-D2-MIDLOW   TIERLN-LN2-MIDLOW   SCHEDULE--ISM-4PL--ISM-4PLTEST   bendigo_lunch   DRINKS-CANS   CATEGORY-MALL,SCHEDULE--ISM-4PL--ISM-4PLTEST,STORETYPE-MALL,,,,,,,bendigo_lunch,,,5,4,Bendigo,VIC 4,
1435,Gundagai,NSW,FSDT,D5-HIGH,LN5-HIGH,4PL,,,,3PP,,,,,,,,STORETYPE-FSDT   STATE-NSW   TIERDAY-D5-HIGH   TIERLN-LN5-HIGH   DRINKS-CANS,,,,,,,,,,,,7,7,Canberra Bleed Store,,Collin2
1436,East Brighton,VIC,FSDT,D3-MID,LN3-MID,4PL,,,,3PP,,1PP,,,,,,STORETYPE-FSDT   STATE-VIC   TIERDAY-D3-MID   TIERLN-LN3-MID   DRINKS-CANS,,,,,,,,,,,,8,8,,,
1437,Narellan Town Centre,NSW,MCN,D2-MIDLOW,LN2-MIDLOW,4PL,,1PP,,,,,,,,,,STORETYPE-MCN   STATE-NSW   TIERDAY-D2-MIDLOW   TIERLN-LN2-MIDLOW   DRINKS-CANS   CATEGORY-MALL,,STORETYPE-MALL,,,,,,,,,,5,5,,,
1438,Victoria Gardens Food Court,VIC,MCN,D3-MID,LN3-MID,5PP,5PP,,,,,,,,,,,STORETYPE-MCN   STATE-VIC   TIERDAY-D3-MID   TIERLN-LN3-MID   DRINKS-CANS   CATEGORY-MALL,,STORETYPE-MALL,,,,,,,,,,10,5,,,
1440,Wellington,NSW,FSDT,D5-HIGH,LN5-HIGH,4PL,,,,3PP,,1PP,,,,,,STORETYPE-FSDT   STATE-NSW   TIERDAY-D5-HIGH   TIERLN-LN5-HIGH   DRINKS-CANS,,,,,,,,,,,,8,8,,,
1442,Elizabeth Street Melbourne,VIC,INL,D3-MID,LN3-MID,4PL,,1PP,,,,,,,,,,STORETYPE-INL   STATE-VIC   TIERDAY-D3-MID   TIERLN-LN3-MID   DRINKS-CANS,,,,,,,,,,,,5,5,,,
1443,Haymarket,NSW,INL,D1-LOW,LN1-LOW,5PP,,1PP,,,,,,,,,,STORETYPE-INL   STATE-NSW   TIERDAY-D1-LOW   TIERLN-LN1-LOW   BADGE-HNS   DRINKS-CANS,,,,,,,,BADGE-HNS,,,,6,6,,,
1445,Liverpool,NSW,FSDT,D4-MIDHIGH,LN4-MIDHIGH,4PL,,,,3PP,,,,,,,,STORETYPE-FSDT   STATE-NSW   TIERDAY-D4-MIDHIGH   TIERLN-LN4-MIDHIGH   DRINKS-CANS,,,,,,,,,,,,7,7,,,
1447,Crown Casino Melbourne,VIC,MFSDT,D1-LOW,LN1-LOW,4PL,,,,,,,,,,,,STORETYPE-MFSDT   STATE-VIC   TIERDAY-D1-LOW   TIERLN-LN1-LOW   DRINKS-CANS,,,,,,,,,,,,4,4,,,
1449,Toormina,NSW,INL,D2-MIDLOW,LN2-MIDLOW,4PL,,,,,,,,,,,,STORETYPE-INL   STATE-NSW   TIERDAY-D2-MIDLOW   TIERLN-LN2-MIDLOW   DRINKS-CANS,,,,,,,,,,,,4,4,Northern Riverlands,,
6761,Glenmore Park,NSW,FSDT,D4-MIDHIGH,LN4-MIDHIGH,4PL,,1PP,,3PP,,1PP,,,,,,STORETYPE-FSDT   STATE-NSW   TIERDAY-D4-MIDHIGH   TIERLN-LN4-MIDHIGH   EXPOCD-LANE1   DRINKS-CANS,,,,,,,,,,,EXPOCD-LANE1,9,9,,,
1452,Coffs Harbour Plaza,NSW,FSDT,D5-HIGH,LN5-HIGH,4PL,,1PP,,3PP,,,,,,,,STORETYPE-FSDT   STATE-NSW   TIERDAY-D5-HIGH   TIERLN-LN5-HIGH   DRINKS-CANS,,,,,,,,,,,,8,8,Northern Riverlands,,
1453,Bateau Bay,NSW,MCN,D2-MIDLOW,LN2-MIDLOW,4PL,,,,,,,,,,,,STORETYPE-MCN   STATE-NSW   TIERDAY-D2-MIDLOW   TIERLN-LN2-MIDLOW   DRINKS-CANS   CATEGORY-MALL,,STORETYPE-MALL,,,,,,,,,,4,4,,,
1454,Top Ryde Food Court,NSW,MCN,D1-LOW,LN1-LOW,4PL,,,,,,,,,,,,STORETYPE-MCN   STATE-NSW   TIERDAY-D1-LOW   TIERLN-LN1-LOW   DRINKS-CANS   CATEGORY-MALL,,STORETYPE-MALL,,,,,,,,,,4,4,,"NSW 12, NSW 15",
1455,Myer Centre Food Court,SA,MCN,D2-MIDLOW,LN2-MIDLOW,4PL,,,,,,,,,,,,STORETYPE-MCN   STATE-SA   TIERDAY-D2-MIDLOW   TIERLN-LN2-MIDLOW   DRINKS-CANS   CATEGORY-MALL,,STORETYPE-MALL,,,,,,,,,,4,4,South Australia,,
1456,Caroline Springs,VIC,MFSDT,D1-LOW,LN1-LOW,4PL,,,,,,,,,,,,STORETYPE-MFSDT   STATE-VIC   TIERDAY-D1-LOW   TIERLN-LN1-LOW   DRINKS-CANS,,,,,,,,,,,,4,4,,,
1458,Burnley,VIC,FSDT,D4-MIDHIGH,LN4-MIDHIGH,4PL,,1PP,,3PP,,1PP,,,,,,STORETYPE-FSDT   STATE-VIC   TIERDAY-D4-MIDHIGH   TIERLN-LN4-MIDHIGH   DRINKS-CANS,,,,,,,,,,,,9,10,,,
1459,Merrylands Mall,NSW,MCN,D2-MIDLOW,LN2-MIDLOW,4PL,,,,,,,,,,,,STORETYPE-MCN   STATE-NSW   TIERDAY-D2-MIDLOW   TIERLN-LN2-MIDLOW   DRINKS-CANS   CATEGORY-MALL,,STORETYPE-MALL,,,,,,,,,,4,4,,,
1461,Officer Inbound,VIC,FSDT,D5-HIGH,LN5-HIGH,4PL,,,,3PP,,,,,,,,STORETYPE-FSDT   STATE-VIC   TIERDAY-D5-HIGH   TIERLN-LN5-HIGH   DRINKS-CANS,,,,,,,,,,,,7,7,,,
1462,Officer Outbound,VIC,FSDT,D5-HIGH,LN5-HIGH,4PL,,,,3PP,,,,,,,,STORETYPE-FSDT   STATE-VIC   TIERDAY-D5-HIGH   TIERLN-LN5-HIGH   DRINKS-CANS,,,,,,,,,,,,7,7,,,
1463,Strath Village,VIC,FSDT,D5-HIGH,LN5-HIGH,5PP,,,,3PP,3PP,1PP,,,,,,STORETYPE-FSDT   STATE-VIC   TIERDAY-D5-HIGH   TIERLN-LN5-HIGH   SCHEDULE--ISM-5PP--ISM-5PPTEST   bendigo_lunch   DRINKS-CANS,SCHEDULE--ISM-5PP--ISM-5PPTEST,,,,,,,,bendigo_lunch,,,12,12,Bendigo,VIC 4,
1464,Chinderah,NSW,INL,D5-HIGH,LN5-HIGH,4PL,,,,,,,,,,,,STORETYPE-INL   STATE-NSW   TIERDAY-D5-HIGH   TIERLN-LN5-HIGH   DRINKS-CANS,,,,,,,,,,,,4,4,Northern Riverlands,NSW 8,
1465,Highpoint II,VIC,MCN,D1-LOW,LN1-LOW,4PL,,,,,,,,,,,,STORETYPE-MCN   STATE-VIC   TIERDAY-D1-LOW   TIERLN-LN1-LOW   DRINKS-CANS   CATEGORY-MALL,,STORETYPE-MALL,,,,,,,,,,4,4,,,
1466,Griffith,NSW,FSDT,D5-HIGH,LN5-HIGH,4PL,,,,3PP,3PP,1PP,1PP,,,,,STORETYPE-FSDT   STATE-NSW   TIERDAY-D5-HIGH   TIERLN-LN5-HIGH   DRINKS-CANS,,,,,,,,,,,,12,13,,,Collin2
1467,Shepparton South,VIC,FSDT,D5-HIGH,LN5-HIGH,4PL,,1PP,,3PP,,1PP,,,,,,STORETYPE-FSDT   STATE-VIC   TIERDAY-D5-HIGH   TIERLN-LN5-HIGH   DRINKS-CANS,,,,,,,,,,,,9,9,,,
1468,Milperra,NSW,FSDT,D3-MID,LN3-MID,5PP,,1PP,,3PP,,,,,,,,STORETYPE-FSDT   STATE-NSW   TIERDAY-D3-MID   TIERLN-LN3-MID   DRINKS-CANS,,,,,,,,,,,,9,9,,,
1469,Everard Park,SA,FSDT,D3-MID,LN3-MID,4PL,,1PP,,3PP,3PP,1PP,,,,,,STORETYPE-FSDT   STATE-SA   TIERDAY-D3-MID   TIERLN-LN3-MID   EXPOCD-LANE1   EXPOCD-LANE2   DRINKS-CANS,,,,,,,,,,,"EXPOCD-LANE1,EXPOCD-LANE2",12,12,South Australia,,
1470,Arndale Food Court,SA,MCN,D1-LOW,LN1-LOW,4PL,,1PP,,,,,,,,,,STORETYPE-MCN   STATE-SA   TIERDAY-D1-LOW   TIERLN-LN1-LOW   DRINKS-CANS   CATEGORY-MALL,,STORETYPE-MALL,,,,,,,,,,5,5,South Australia,,
1471,Plenty Valley Westfield,VIC,MCN,D2-MIDLOW,LN2-MIDLOW,4PL,,,,,,,,,,,,STORETYPE-MCN   STATE-VIC   TIERDAY-D2-MIDLOW   TIERLN-LN2-MIDLOW   DRINKS-CANS   CATEGORY-MALL,,STORETYPE-MALL,,,,,,,,,,4,4,,,
1472,Salamander Bay,NSW,FSDT,D5-HIGH,LN5-HIGH,5PP,,,,3PP,,,,,,,,STORETYPE-FSDT   STATE-NSW   TIERDAY-D5-HIGH   TIERLN-LN5-HIGH   DRINKS-CANS,,,,,,,,,,,,8,8,Newcastle,,
1473,Eastlink Northbound,VIC,FSDT,D5-HIGH,LN5-HIGH,4PL,,1PP,,3PP,,1PP,,,,,,STORETYPE-FSDT   STATE-VIC   TIERDAY-D5-HIGH   TIERLN-LN5-HIGH   DRINKS-CANS,,,,,,,,,,,,9,8,,,
1474,Eastlink Southbound,VIC,FSDT,D5-HIGH,LN5-HIGH,4PL,,,,3PP,,1PP,,,,,,STORETYPE-FSDT   STATE-VIC   TIERDAY-D5-HIGH   TIERLN-LN5-HIGH   DRINKS-CANS,,,,,,,,,,,,8,8,,,
1475,Carlingford Food Court,NSW,MCN,D1-LOW,LN1-LOW,4PL,,,,,,,,,,,,STORETYPE-MCN   STATE-NSW   TIERDAY-D1-LOW   TIERLN-LN1-LOW   DRINKS-CANS   CATEGORY-MALL,,STORETYPE-MALL,,,,,,,,,,4,4,,NSW 14,
1476,Wetherill Park Mall,NSW,MCN,D2-MIDLOW,LN2-MIDLOW,4PL,,,,,,,,,,,,STORETYPE-MCN   STATE-NSW   TIERDAY-D2-MIDLOW   TIERLN-LN2-MIDLOW   DRINKS-CANS   CATEGORY-MALL,,STORETYPE-MALL,,,,,,,,,,4,4,,,
1477,Taylors Hill,VIC,FSDT,D3-MID,LN3-MID,5PP,,1PP,,3PP,3PP,1PP,1PP,,,,,STORETYPE-FSDT   STATE-VIC   TIERDAY-D3-MID   TIERLN-LN3-MID   DRINKS-CANS,,,,,,,,,,,,14,14,,,
1478,Hornsby Food Court,NSW,MCN,D1-LOW,LN1-LOW,4PL,,,,,,,,,,,,STORETYPE-MCN   STATE-NSW   TIERDAY-D1-LOW   TIERLN-LN1-LOW   DRINKS-CANS   CATEGORY-MALL,,STORETYPE-MALL,,,,,,,,,,4,4,,NSW 14,
1479,Mean Fiddler,NSW,FSDT,D5-HIGH,LN5-HIGH,5PP,,,,,,,,,,,,STORETYPE-FSDT   STATE-NSW   TIERDAY-D5-HIGH   TIERLN-LN5-HIGH   FREEZE-PRX   DRINKS-CANS,,,,FREEZE-PRX,,,,,,,,5,5,,NSW 10,
1480,Parramatta L5 Food Court,NSW,MCN,D1-LOW,LN1-LOW,4PL,,,,,,,,,,,,STORETYPE-MCN   STATE-NSW   TIERDAY-D1-LOW   TIERLN-LN1-LOW   DRINKS-CANS   CATEGORY-MALL,,STORETYPE-MALL,,,,,,,,,,4,4,,,
1481,Parramatta L1 Food Court,NSW,MCN,D1-LOW,LN1-LOW,4PL,,,,,,,,,,,,STORETYPE-MCN   STATE-NSW   TIERDAY-D1-LOW   TIERLN-LN1-LOW   DRINKS-CANS   CATEGORY-MALL,,STORETYPE-MALL,,,,,,,,,,4,4,,,
1482,Eastlands Food Court,VIC,MCP,D1-LOW,LN1-LOW,4PL,,,,,,,,,,,,STORETYPE-MCP   STATE-VIC   TIERDAY-D1-LOW   TIERLN-LN1-LOW   DRINKS-CUPS   CATEGORY-MALL,,STORETYPE-MALL,DRINKS-CUPS,,,,,,,,,4,4,,,
1484,City Cross,SA,MCN,D2-MIDLOW,LN2-MIDLOW,4PL,,,,,,,,,,,,STORETYPE-MCN   STATE-SA   TIERDAY-D2-MIDLOW   TIERLN-LN2-MIDLOW   DRINKS-CANS   CATEGORY-MALL,,STORETYPE-MALL,,,,,,,,,,4,4,South Australia,,
1485,Hindley Street,SA,INL,D1-LOW,LN1-LOW,4PL,,,,,,,,,,,,STORETYPE-INL   STATE-SA   TIERDAY-D1-LOW   TIERLN-LN1-LOW   DRINKS-CANS,,,,,,,,,,,,4,4,South Australia,,
1486,Seaford Rise,SA,FSDT,D3-MID,LN3-MID,5PP,,,,3PP,3PP,1PP,,,,,,STORETYPE-FSDT   STATE-SA   TIERDAY-D3-MID   TIERLN-LN3-MID   EXPOCD-LANE1   EXPOCD-LANE2   DRINKS-CANS,,,,,,,,,,,"EXPOCD-LANE1,EXPOCD-LANE2",12,11,South Australia,,
1500,Aberfoyle Park,SA,FSDT,D4-MIDHIGH,LN4-MIDHIGH,5PP,,,,3PP,3PP,1PP,,,,,,STORETYPE-FSDT   STATE-SA   TIERDAY-D4-MIDHIGH   TIERLN-LN4-MIDHIGH   EXPOCD-LANE1   EXPOCD-LANE2   DRINKS-CANS,,,,,,,,,,,"EXPOCD-LANE1,EXPOCD-LANE2",12,12,South Australia,,
1501,Fulham Gardens,SA,FSDT,D3-MID,LN3-MID,5PP,,,,3PP,3PP,,,,,,,STORETYPE-FSDT   STATE-SA   TIERDAY-D3-MID   TIERLN-LN3-MID   EXPOCD-LANE1   EXPOCD-LANE2   DRINKS-CANS,,,,,,,,,,,"EXPOCD-LANE1,EXPOCD-LANE2",11,11,South Australia,,
1505,Mitcham,SA,FSDT,D3-MID,LN3-MID,5PP,,,,3PP,,1PP,,,,,,STORETYPE-FSDT   STATE-SA   TIERDAY-D3-MID   TIERLN-LN3-MID   EXPOCD-LANE1   DRINKS-CANS,,,,,,,,,,,EXPOCD-LANE1,9,12,South Australia,,
6762,Emu Plains,NSW,FSDT,D5-HIGH,LN5-HIGH,4PL,,,,3PP,,1PP,,,,,,STORETYPE-FSDT   STATE-NSW   TIERDAY-D5-HIGH   TIERLN-LN5-HIGH   EXPOCD-LANE1   DRINKS-CANS,,,,,,,,,,,EXPOCD-LANE1,8,8,,,
1516,Prahran,VIC,INL,D1-LOW,LN1-LOW,4PL,,,,,,,,,,,,STORETYPE-INL   STATE-VIC   TIERDAY-D1-LOW   TIERLN-LN1-LOW   DRINKS-CANS,,,,,,,,,,,,4,4,,,
1528,Leppington,NSW,FSDT,D4-MIDHIGH,LN4-MIDHIGH,5PP,,,,3PP,3PP,,,,,,,STORETYPE-FSDT   STATE-NSW   TIERDAY-D4-MIDHIGH   TIERLN-LN4-MIDHIGH   EXPOCD-LANE1   EXPOCD-LANE2   DRINKS-CANS,,,,,,,,,,,"EXPOCD-LANE1,EXPOCD-LANE2",11,11,,,
1725,Bligh Park,NSW,FSDT,D4-MIDHIGH,LN4-MIDHIGH,5PP,,1PP,,3PP,,1PP,,,,,,STORETYPE-FSDT   STATE-NSW   TIERDAY-D4-MIDHIGH   TIERLN-LN4-MIDHIGH   DRINKS-CANS,,,,,,,,,,,,10,9,,,
1726,Warragul Queen Street,VIC,FSDT,D5-HIGH,LN5-HIGH,5PP,,1PP,,3PP,,1PP,,,,,,STORETYPE-FSDT   STATE-VIC   TIERDAY-D5-HIGH   TIERLN-LN5-HIGH   DRINKS-CANS,,,,,,,,,,,,10,10,Gippsland,,
1727,Raymond Terrace,NSW,FSDT,D5-HIGH,LN5-HIGH,4PL,,1PP,,3PP,3PP,1PP,1PP,,,,,STORETYPE-FSDT   STATE-NSW   TIERDAY-D5-HIGH   TIERLN-LN5-HIGH   DRINKS-CANS,,,,,,,,,,,,13,13,Newcastle,,
1728,Kilmore,VIC,FSDT,D5-HIGH,LN5-HIGH,5PP,,1PP,,3PP,,1PP,,,,,,STORETYPE-FSDT   STATE-VIC   TIERDAY-D5-HIGH   TIERLN-LN5-HIGH   DRINKS-CANS,,,,,,,,,,,,10,10,,,
1729,Craigieburn,VIC,FSDT,D4-MIDHIGH,LN4-MIDHIGH,5PP,,1PP,,3PP,3PP,1PP,1PP,,,,,STORETYPE-FSDT   STATE-VIC   TIERDAY-D4-MIDHIGH   TIERLN-LN4-MIDHIGH   DRINKS-CANS,,,,,,,,,,,,14,15,,,
1730,Tarneit North,VIC,FSDT,D3-MID,LN3-MID,5PP,,1PP,,3PP,3PP,1PP,1PP,,,,,STORETYPE-FSDT   STATE-VIC   TIERDAY-D3-MID   TIERLN-LN3-MID   DRINKS-CANS,,,,,,,,,,,,14,14,,,
1731,Riverdale,VIC,FSDT,D3-MID,LN3-MID,5PP,,1PP,,3PP,3PP,1PP,1PP,,,,,STORETYPE-FSDT   STATE-VIC   TIERDAY-D3-MID   TIERLN-LN3-MID   DRINKS-CANS,,,,,,,,,,,,14,14,,,
1732,Traralgon East,VIC,FSDT,D5-HIGH,LN5-HIGH,5PP,,1PP,,3PP,,,,,,,,STORETYPE-FSDT   STATE-VIC   TIERDAY-D5-HIGH   TIERLN-LN5-HIGH   DRINKS-CANS,,,,,,,,,,,,9,9,Gippsland,,
1733,Thornton,NSW,FSDT,D5-HIGH,LN5-HIGH,5PP,,,,3PP,,1PP,,,,,,STORETYPE-FSDT   STATE-NSW   TIERDAY-D5-HIGH   TIERLN-LN5-HIGH   DRINKS-CANS,,,,,,,,,,,,9,9,Newcastle,,
1734,Spring Farm,NSW,FSDT,D3-MID,LN3-MID,5PP,,1PP,,3PP,3PP,,,,,,,STORETYPE-FSDT   STATE-NSW   TIERDAY-D3-MID   TIERLN-LN3-MID   EXPOCD-LANE1   EXPOCD-LANE2   DRINKS-CANS,,,,,,,,,,,"EXPOCD-LANE1,EXPOCD-LANE2",12,12,,,
1735,Cranbourne North,VIC,FSDT,D4-MIDHIGH,LN4-MIDHIGH,5PP,,,,3PP,3PP,,,,,,,STORETYPE-FSDT   STATE-VIC   TIERDAY-D4-MIDHIGH   TIERLN-LN4-MIDHIGH   DRINKS-CANS,,,,,,,,,,,,11,11,,,
1901,Hawthorn,VIC,INL,D1-LOW,LN1-LOW,4PL,,,,,,,,,,,,STORETYPE-INL   STATE-VIC   TIERDAY-D1-LOW   TIERLN-LN1-LOW   DRINKS-CANS,,,,,,,,,,,,4,5,,,
1902,St Kilda,VIC,SBX,D1-LOW,LN1-LOW,3PL,,,,,,,,,,,,STORETYPE-SBX   STATE-VIC   TIERDAY-D1-LOW   TIERLN-LN1-LOW   DRINKS-CANS   CATEGORY-SBX,,,,,,,,,,,,3,3,,,
1903,Pinjarra North,WA,INL,D7-REMOTE,LN7-REMOTE,4PL,,,,,,,,,,,,STORETYPE-INL   STATE-WA   TIERDAY-D7-REMOTE   TIERLN-LN7-REMOTE   DRINKS-CANS,,,,,,,,,,,,4,4,,,
1973,Pinjarra South,WA,INL,D7-REMOTE,LN7-REMOTE,4PL,,,,,,,,,,,,STORETYPE-INL   STATE-WA   TIERDAY-D7-REMOTE   TIERLN-LN7-REMOTE   DRINKS-CANS,,,,,,,,,,,,4,4,,,
2201,Karratha,WA,FSDT,D8-ISO,LN8-ISO,4PL,,,,3PP,3PP,1PP,,,,,,STORETYPE-FSDT   STATE-WA   TIERDAY-D8-ISO   TIERLN-LN8-ISO   BADGE-HNS   EXPOCD-LANE1   EXPOCD-LANE2   DRINKS-CANS,,,,,,,,BADGE-HNS,,,"EXPOCD-LANE1,EXPOCD-LANE2",11,11,,,
2202,Lithgow,NSW,FSDT,D5-HIGH,LN5-HIGH,4PL,,,,3PP,,1PP,,,,,,STORETYPE-FSDT   STATE-NSW   TIERDAY-D5-HIGH   TIERLN-LN5-HIGH   DRINKS-CANS,,,,,,,,,,,,8,8,,,
2203,Morwell,VIC,FSDT,D5-HIGH,LN5-HIGH,4PL,,1PP,,3PP,,1PP,,,,,,STORETYPE-FSDT   STATE-VIC   TIERDAY-D5-HIGH   TIERLN-LN5-HIGH   DRINKS-CANS,,,,,,,,,,,,9,9,Gippsland,,
2204,Ashburton,VIC,FSDT,D3-MID,LN3-MID,4PL,,1PP,,3PP,,1PP,,,,,,STORETYPE-FSDT   STATE-VIC   TIERDAY-D3-MID   TIERLN-LN3-MID   DRINKS-CANS,,,,,,,,,,,,9,10,,,
2205,Glen Waverley,VIC,FSDT,D3-MID,LN3-MID,4PL,,,,3PP,,1PP,,,,,,STORETYPE-FSDT   STATE-VIC   TIERDAY-D3-MID   TIERLN-LN3-MID   DRINKS-CANS,,,,,,,,,,,,8,8,,,
2206,Reservoir,VIC,FSDT,D4-MIDHIGH,LN4-MIDHIGH,4PL,,,,3PP,,1PP,,,,,,STORETYPE-FSDT   STATE-VIC   TIERDAY-D4-MIDHIGH   TIERLN-LN4-MIDHIGH   DRINKS-CANS,,,,,,,,,,,,8,8,,VIC 2,
2207,Thornbury,VIC,FSDT,D3-MID,LN3-MID,4PL,,,,3PP,,1PP,,,,,,STORETYPE-FSDT   STATE-VIC   TIERDAY-D3-MID   TIERLN-LN3-MID   DRINKS-CANS,,,,,,,,,,,,8,8,,,
2208,Preston,VIC,FSDT,D3-MID,LN3-MID,4PL,,1PP,,3PP,,1PP,,,,,,STORETYPE-FSDT   STATE-VIC   TIERDAY-D3-MID   TIERLN-LN3-MID   DRINKS-CANS,,,,,,,,,,,,9,12,,,
2209,Heidelberg,VIC,FSDT,D4-MIDHIGH,LN4-MIDHIGH,4PL,,,,3PP,,1PP,,,,,,STORETYPE-FSDT   STATE-VIC   TIERDAY-D4-MIDHIGH   TIERLN-LN4-MIDHIGH   DRINKS-CANS,,,,,,,,,,,,8,9,,,
2210,Moe,VIC,FSDT,D5-HIGH,LN5-HIGH,4PL,,1PP,,3PP,,1PP,,,,,,STORETYPE-FSDT   STATE-VIC   TIERDAY-D5-HIGH   TIERLN-LN5-HIGH   DRINKS-CANS,,,,,,,,,,,,9,8,Gippsland,,
2211,Northmead,NSW,FSDT,D4-MIDHIGH,LN4-MIDHIGH,4PL,,,,3PP,,1PP,,,,,,STORETYPE-FSDT   STATE-NSW   TIERDAY-D4-MIDHIGH   TIERLN-LN4-MIDHIGH   DRINKS-CANS,,,,,,,,,,,,8,8,,NSW 13,
2212,Parkes,NSW,FSDT,D5-HIGH,LN5-HIGH,4PL,,,,3PP,,,,,,,,STORETYPE-FSDT   STATE-NSW   TIERDAY-D5-HIGH   TIERLN-LN5-HIGH   DRINKS-CANS,,,,,,,,,,,,7,7,,,
6763,Penrith Leagues,NSW,FSDT,D4-MIDHIGH,LN4-MIDHIGH,4PL,,,,3PP,,1PP,,,,,,STORETYPE-FSDT   STATE-NSW   TIERDAY-D4-MIDHIGH   TIERLN-LN4-MIDHIGH   EXPOCD-LANE1   DRINKS-CANS,,,,,,,,,,,EXPOCD-LANE1,8,8,,NSW 1,
2214,Wentworthville,NSW,FSDT,D3-MID,LN3-MID,4PL,,,,3PP,3PP,1PP,1PP,,,,,STORETYPE-FSDT   STATE-NSW   TIERDAY-D3-MID   TIERLN-LN3-MID   DRINKS-CANS,,,,,,,,,,,,12,12,,,
2215,Shellharbour,NSW,FSDT,D4-MIDHIGH,LN4-MIDHIGH,4PL,,,,3PP,,,,,,,,STORETYPE-FSDT   STATE-NSW   TIERDAY-D4-MIDHIGH   TIERLN-LN4-MIDHIGH   KWENCH   DRINKS-CANS,,,,,,,,,,KWENCH,,7,7,Wollongong,,
2216,Merrylands,NSW,FSDT,D3-MID,LN3-MID,4PL,,,,3PP,,1PP,,,,,,STORETYPE-FSDT   STATE-NSW   TIERDAY-D3-MID   TIERLN-LN3-MID   DRINKS-CANS,,,,,,,,,,,,8,8,,,
2217,Orange,NSW,FSDT,D5-HIGH,LN5-HIGH,4PL,,1PP,,3PP,3PP,,,,,,,STORETYPE-FSDT   STATE-NSW   TIERDAY-D5-HIGH   TIERLN-LN5-HIGH   DRINKS-CANS,,,,,,,,,,,,11,11,,,
2218,Seven Hills,NSW,FSDT,D3-MID,LN3-MID,5PP,,,,3PP,,,,,,,,STORETYPE-FSDT   STATE-NSW   TIERDAY-D3-MID   TIERLN-LN3-MID   DRINKS-CANS,,,,,,,,,,,,8,8,,NSW 3,
2220,Dubbo,NSW,FSDT,D5-HIGH,LN5-HIGH,5PP,,,,3PP,3PP,,,,,,,STORETYPE-FSDT   STATE-NSW   TIERDAY-D5-HIGH   TIERLN-LN5-HIGH   DRINKS-CANS,,,,,,,,,,,,11,11,,,
2221,Nowra,NSW,FSDT,D5-HIGH,LN5-HIGH,4PL,,1PP,,3PP,,,,,,,,STORETYPE-FSDT   STATE-NSW   TIERDAY-D5-HIGH   TIERLN-LN5-HIGH   EXPOCD-LANE1   DRINKS-CANS,,,,,,,,,,,EXPOCD-LANE1,8,8,Wollongong,,
2222,Bathurst,NSW,FSDT,D5-HIGH,LN5-HIGH,5PP,,1PP,,3PP,,,,,,,,STORETYPE-FSDT   STATE-NSW   TIERDAY-D5-HIGH   TIERLN-LN5-HIGH   DRINKS-CANS,,,,,,,,,,,,9,9,,,
2223,Blacktown Mega Centre,NSW,FSDT,D3-MID,LN3-MID,4PL,,,,3PP,,,,,,,,STORETYPE-FSDT   STATE-NSW   TIERDAY-D3-MID   TIERLN-LN3-MID   DRINKS-CANS,,,,,,,,,,,,7,7,,NSW 3,
2224,Westpoint Food Court,NSW,MCN,D1-LOW,LN1-LOW,4PL,,,,,,,,,,,,STORETYPE-MCN   STATE-NSW   TIERDAY-D1-LOW   TIERLN-LN1-LOW   DRINKS-CANS   CATEGORY-MALL,,STORETYPE-MALL,,,,,,,,,,4,4,,NSW 3,
6764,Penrith Plaza Food Court,NSW,MCN,D2-MIDLOW,LN2-MIDLOW,4PL,,,,,,,,,,,,STORETYPE-MCN   STATE-NSW   TIERDAY-D2-MIDLOW   TIERLN-LN2-MIDLOW   DRINKS-CANS   CATEGORY-MALL,,STORETYPE-MALL,,,,,,,,,,4,5,,NSW 1,
2226,Yass,ACT,FSDT,D5-HIGH,LN5-HIGH,4PL,,,,3PP,,,,,,,,STORETYPE-FSDT   STATE-ACT   TIERDAY-D5-HIGH   TIERLN-LN5-HIGH   DRINKS-CANS,,,,,,,,,,,,7,7,Canberra,,
2227,Shellharbour Food Court,NSW,MCN,D2-MIDLOW,LN2-MIDLOW,4PL,,1PP,,,,,,,,,,STORETYPE-MCN   STATE-NSW   TIERDAY-D2-MIDLOW   TIERLN-LN2-MIDLOW   KWENCH   DRINKS-CANS   CATEGORY-MALL,,STORETYPE-MALL,,,,,,,,KWENCH,,5,4,Wollongong,,
2228,Albion Park 2,NSW,FSDT,D4-MIDHIGH,LN4-MIDHIGH,4PL,,,,3PP,,,,,,,,STORETYPE-FSDT   STATE-NSW   TIERDAY-D4-MIDHIGH   TIERLN-LN4-MIDHIGH   KWENCH   DRINKS-CANS,,,,,,,,,,KWENCH,,7,7,Wollongong,,
2229,Bomaderry,NSW,FSDT,D5-HIGH,LN5-HIGH,5PP,,,,3PP,,,,,,,,STORETYPE-FSDT   STATE-NSW   TIERDAY-D5-HIGH   TIERLN-LN5-HIGH   EXPOCD-LANE1   DRINKS-CANS,,,,,,,,,,,EXPOCD-LANE1,8,8,Wollongong,,
2230,Dubbo East,NSW,FSDT,D5-HIGH,LN5-HIGH,5PP,,,,3PP,,,,,,,,STORETYPE-FSDT   STATE-NSW   TIERDAY-D5-HIGH   TIERLN-LN5-HIGH   DRINKS-CANS,,,,,,,,,,,,8,8,,,
2233,Blacktown,NSW,FSDT,D3-MID,LN3-MID,4PL,,,,3PP,,,,,,,,STORETYPE-FSDT   STATE-NSW   TIERDAY-D3-MID   TIERLN-LN3-MID   DRINKS-CANS,,,,,,,,,,,,7,7,,NSW 3,
2234,Broadmeadows,VIC,FSDT,D4-MIDHIGH,LN4-MIDHIGH,4PL,,1PP,,3PP,,1PP,,,,,,STORETYPE-FSDT   STATE-VIC   TIERDAY-D4-MIDHIGH   TIERLN-LN4-MIDHIGH   DRINKS-CANS,,,,,,,,,,,,9,9,,VIC 1,
2235,Broadmeadows FC,VIC,MCN,D1-LOW,LN1-LOW,4PL,,1PP,,,,,,,,,,STORETYPE-MCN   STATE-VIC   TIERDAY-D1-LOW   TIERLN-LN1-LOW   DRINKS-CANS   CATEGORY-MALL,,STORETYPE-MALL,,,,,,,,,,5,5,,,
2236,Roxburgh Park,VIC,FSDT,D4-MIDHIGH,LN4-MIDHIGH,4PL,,1PP,,3PP,,1PP,,,,,,STORETYPE-FSDT   STATE-VIC   TIERDAY-D4-MIDHIGH   TIERLN-LN4-MIDHIGH   DRINKS-CANS,,,,,,,,,,,,9,9,,VIC 1,
2237,Prospect,SA,FSDT,D3-MID,LN3-MID,4PL,,1PP,,3PP,3PP,1PP,1PP,,,,,STORETYPE-FSDT   STATE-SA   TIERDAY-D3-MID   TIERLN-LN3-MID   EXPOCD-LANE1   EXPOCD-LANE2   DRINKS-CANS,,,,,,,,,,,"EXPOCD-LANE1,EXPOCD-LANE2",13,13,South Australia,,
7867,Torrensville,SA,FSDT,D4-MIDHIGH,LN4-MIDHIGH,4PL,,,,3PP,,,,,,,,STORETYPE-FSDT   STATE-SA   TIERDAY-D4-MIDHIGH   TIERLN-LN4-MIDHIGH   EXPOCD-LANE1   DRINKS-CANS,,,,,,,,,,,EXPOCD-LANE1,7,7,South Australia,SA 2,
7868,Glenelg,SA,FSDT,D4-MIDHIGH,LN4-MIDHIGH,4PL,,,,3PP,,,,,,,,STORETYPE-FSDT   STATE-SA   TIERDAY-D4-MIDHIGH   TIERLN-LN4-MIDHIGH   kwench_national   kwench_takeover   EXPOCD-LANE1   DRINKS-CANS,,,,,,,,,"kwench_national,kwench_takeover",,EXPOCD-LANE1,7,7,South Australia,,
7870,Eastwood,SA,FSDT,D3-MID,LN3-MID,5PP,,1PP,,3PP,3PP,,,,,,,STORETYPE-FSDT   STATE-SA   TIERDAY-D3-MID   TIERLN-LN3-MID   kwench_national   kwench_takeover   EXPOCD-LANE1   EXPOCD-LANE2   DRINKS-CANS,,,,,,,,,"kwench_national,kwench_takeover",,"EXPOCD-LANE1,EXPOCD-LANE2",12,12,South Australia,,
7869,Edwardstown,SA,FSDT,D3-MID,LN3-MID,5PP,,1PP,,3PP,,,,,,,,STORETYPE-FSDT   STATE-SA   TIERDAY-D3-MID   TIERLN-LN3-MID   kwench_national   kwench_takeover   EXPOCD-LANE1   DRINKS-CANS,,,,,,,,,"kwench_national,kwench_takeover",,EXPOCD-LANE1,9,9,South Australia,,
2242,Kilburn,SA,FSDT,D3-MID,LN3-MID,5PP,,1PP,,3PP,,1PP,,,,,,STORETYPE-FSDT   STATE-SA   TIERDAY-D3-MID   TIERLN-LN3-MID   EXPOCD-LANE1   DRINKS-CANS,,,,,,,,,,,EXPOCD-LANE1,10,9,South Australia,,
2243,Warwick Farm,NSW,FSDT,D3-MID,LN3-MID,4PL,,,,3PP,,,,,,,,STORETYPE-FSDT   STATE-NSW   TIERDAY-D3-MID   TIERLN-LN3-MID   DRINKS-CANS,,,,,,,,,,,,7,7,,NSW 4,
2244,Villawood,NSW,FSDT,D3-MID,LN3-MID,4PL,,1PP,,3PP,,,,,,,,STORETYPE-FSDT   STATE-NSW   TIERDAY-D3-MID   TIERLN-LN3-MID   DRINKS-CANS,,,,,,,,,,,,8,8,,NSW 4,
2246,Lidcombe,NSW,FSDT,D3-MID,LN3-MID,4PL,,1PP,,3PP,3PP,1PP,1PP,,,,,STORETYPE-FSDT   STATE-NSW   TIERDAY-D3-MID   TIERLN-LN3-MID   EXPOCD-LANE1   EXPOCD-LANE2   DRINKS-CANS,,,,,,,,,,,"EXPOCD-LANE1,EXPOCD-LANE2",13,13,,,
2248,Carnes Hill,NSW,MCN,D2-MIDLOW,LN2-MIDLOW,4PL,4PL,,,,,,,,,,,STORETYPE-MCN   STATE-NSW   TIERDAY-D2-MIDLOW   TIERLN-LN2-MIDLOW   DRINKS-CANS,,,,,,,,,,,,8,8,,,
2249,Asquith,NSW,FSDT,D3-MID,LN3-MID,4PL,,1PP,,3PP,,1PP,,,,,,STORETYPE-FSDT   STATE-NSW   TIERDAY-D3-MID   TIERLN-LN3-MID   EXPOCD-LANE1   DRINKS-CANS,,,,,,,,,,,EXPOCD-LANE1,9,8,,NSW 14,
2250,Sydney Airport,NSW,FSDT,D3-MID,LN3-MID,5PP,,1PP,,3PP,,1PP,,,,,,STORETYPE-FSDT   STATE-NSW   TIERDAY-D3-MID   TIERLN-LN3-MID   DRINKS-CANS,,,,,,,,,,,,10,11,,,
2252,Forrestfield,WA,FSDT,D4-MIDHIGH,LN4-MIDHIGH,4PL,,,,3PP,,1PP,,,,,,STORETYPE-FSDT   STATE-WA   TIERDAY-D4-MIDHIGH   TIERLN-LN4-MIDHIGH   BADGE-HNS   EXPOCD-LANE1   DRINKS-CANS,,,,,,,,BADGE-HNS,,,EXPOCD-LANE1,8,8,,,Collin2
2253,Haynes,WA,FSDT,D4-MIDHIGH,LN4-MIDHIGH,4PL,,,,3PP,,1PP,,,,,,STORETYPE-FSDT   STATE-WA   TIERDAY-D4-MIDHIGH   TIERLN-LN4-MIDHIGH   BADGE-HNS   EXPOCD-LANE1   DRINKS-CANS,,,,,,,,BADGE-HNS,,,EXPOCD-LANE1,8,8,,,Collin2
2254,Ellenbrook,WA,FSDT,D4-MIDHIGH,LN4-MIDHIGH,4PL,,,,3PP,,1PP,,,,,,STORETYPE-FSDT   STATE-WA   TIERDAY-D4-MIDHIGH   TIERLN-LN4-MIDHIGH   BADGE-HNS   EXPOCD-LANE1   DRINKS-CANS,,,,,,,,BADGE-HNS,,,EXPOCD-LANE1,8,8,,,Collin2
2255,Kwinana,WA,FSDT,D4-MIDHIGH,LN4-MIDHIGH,4PL,,,,3PP,3PP,1PP,,,,,,STORETYPE-FSDT   STATE-WA   TIERDAY-D4-MIDHIGH   TIERLN-LN4-MIDHIGH   BADGE-HNS   EXPOCD-LANE1   EXPOCD-LANE2   DRINKS-CANS,,,,,,,,BADGE-HNS,,,"EXPOCD-LANE1,EXPOCD-LANE2",11,8,,,Collin2
2256,Doreen,VIC,FSDT,D5-HIGH,LN5-HIGH,4PL,,1PP,,3PP,,1PP,,,,,,STORETYPE-FSDT   STATE-VIC   TIERDAY-D5-HIGH   TIERLN-LN5-HIGH   DRINKS-CANS,,,,,,,,,,,,9,14,,,
2257,Mill Park,VIC,FSDT,D4-MIDHIGH,LN4-MIDHIGH,4PL,,1PP,,3PP,3PP,1PP,1PP,,,,,STORETYPE-FSDT   STATE-VIC   TIERDAY-D4-MIDHIGH   TIERLN-LN4-MIDHIGH   DRINKS-CANS,,,,,,,,,,,,13,13,,,
2258,Bundoora,VIC,FSDT,D4-MIDHIGH,LN4-MIDHIGH,4PL,,1PP,,3PP,,1PP,,,,,,STORETYPE-FSDT   STATE-VIC   TIERDAY-D4-MIDHIGH   TIERLN-LN4-MIDHIGH   DRINKS-CANS,,,,,,,,,,,,9,9,,,
2259,Belmont,NSW,FSDT,D4-MIDHIGH,LN4-MIDHIGH,4PL,,1PP,,3PP,,1PP,,,,,,STORETYPE-FSDT   STATE-NSW   TIERDAY-D4-MIDHIGH   TIERLN-LN4-MIDHIGH   DRINKS-CANS,,,,,,,,,,,,9,10,Newcastle,,
2260,Tuggerah Food Court,NSW,MCN,D2-MIDLOW,LN2-MIDLOW,4PL,,,,,,,,,,,,STORETYPE-MCN   STATE-NSW   TIERDAY-D2-MIDLOW   TIERLN-LN2-MIDLOW   DRINKS-CANS   CATEGORY-MALL,,STORETYPE-MALL,,,,,,,,,,4,4,,,
2261,The Entrance,NSW,FSDT,D4-MIDHIGH,LN4-MIDHIGH,4PL,,,,3PP,,1PP,,,,,,STORETYPE-FSDT   STATE-NSW   TIERDAY-D4-MIDHIGH   TIERLN-LN4-MIDHIGH   DRINKS-CANS,,,,,,,,,,,,8,8,,,
2262,Wyoming,NSW,FSDT,D4-MIDHIGH,LN4-MIDHIGH,4PL,,,,3PP,,1PP,,,,,,STORETYPE-FSDT   STATE-NSW   TIERDAY-D4-MIDHIGH   TIERLN-LN4-MIDHIGH   DRINKS-CANS,,,,,,,,,,,,8,8,,NSW 2,
2263,Warners Bay,NSW,FSDT,D3-MID,LN3-MID,4PL,,1PP,,3PP,,1PP,,,,,,STORETYPE-FSDT   STATE-NSW   TIERDAY-D3-MID   TIERLN-LN3-MID   DRINKS-CANS,,,,,,,,,,,,9,8,Newcastle,,
2264,Charlestown Square,NSW,MCN,D2-MIDLOW,LN2-MIDLOW,4PL,,,,,,,,,,,,STORETYPE-MCN   STATE-NSW   TIERDAY-D2-MIDLOW   TIERLN-LN2-MIDLOW   FREEZE-PRX   DRINKS-CANS   CATEGORY-MALL,,STORETYPE-MALL,,FREEZE-PRX,,,,,,,,4,4,Newcastle,,
2265,Wendouree,VIC,FSDT,D5-HIGH,LN5-HIGH,4PL,,,,3PP,,1PP,,,,,,STORETYPE-FSDT   STATE-VIC   TIERDAY-D5-HIGH   TIERLN-LN5-HIGH   DRINKS-CANS,,,,,,,,,,,,8,12,Western District VIC,,
2266,Ballarat,VIC,FSDT,D5-HIGH,LN5-HIGH,4PL,,,,3PP,,1PP,,,,,,STORETYPE-FSDT   STATE-VIC   TIERDAY-D5-HIGH   TIERLN-LN5-HIGH   DRINKS-CANS,,,,,,,,,,,,8,8,Western District VIC,,
2267,Sebastopol,VIC,FSDT,D5-HIGH,LN5-HIGH,4PL,,1PP,,3PP,,1PP,,,,,,STORETYPE-FSDT   STATE-VIC   TIERDAY-D5-HIGH   TIERLN-LN5-HIGH   DRINKS-CANS,,,,,,,,,,,,9,9,Western District VIC,,
2268,Singleton,NSW,FSDT,D5-HIGH,LN5-HIGH,4PL,,,,3PP,,1PP,,,,,,STORETYPE-FSDT   STATE-NSW   TIERDAY-D5-HIGH   TIERLN-LN5-HIGH   DRINKS-CANS,,,,,,,,,,,,8,7,Newcastle,,
2269,Muswellbrook,NSW,FSDT,D5-HIGH,LN5-HIGH,4PL,,1PP,,3PP,,1PP,,,,,,STORETYPE-FSDT   STATE-NSW   TIERDAY-D5-HIGH   TIERLN-LN5-HIGH   DRINKS-CANS,,,,,,,,,,,,9,8,Newcastle,,
2270,Bridgewater,TAS,FSDT,D4-MIDHIGH,LN4-MIDHIGH,4PL,,,,3PP,3PP,1PP,1PP,,,,,STORETYPE-FSDT   STATE-TAS   TIERDAY-D4-MIDHIGH   TIERLN-LN4-MIDHIGH   DRINKS-CANS,,,,,,,,,,,,12,12,Tasmania T1,,Collin
2271,Kingston,TAS,FSDT,D4-MIDHIGH,LN4-MIDHIGH,4PL,,1PP,,3PP,,1PP,,,,,,STORETYPE-FSDT   STATE-TAS   TIERDAY-D4-MIDHIGH   TIERLN-LN4-MIDHIGH   DRINKS-CANS,,,,,,,,,,,,9,9,Tasmania T1,,Collin
2272,Epping,VIC,FSDT,D4-MIDHIGH,LN4-MIDHIGH,4PL,,1PP,,3PP,,1PP,,,,,,STORETYPE-FSDT   STATE-VIC   TIERDAY-D4-MIDHIGH   TIERLN-LN4-MIDHIGH   EXPOCD-LANE1   DRINKS-CANS,,,,,,,,,,,EXPOCD-LANE1,9,9,,VIC 2,
2273,Launceston,TAS,INL,D4-MIDHIGH,LN4-MIDHIGH,4PL,,,,,,,,,,,,STORETYPE-INL   STATE-TAS   TIERDAY-D4-MIDHIGH   TIERLN-LN4-MIDHIGH   DRINKS-CANS,,,,,,,,,,,,4,4,Tasmania T2,,Collin
2274,Sorrell,TAS,FSDT,D4-MIDHIGH,LN4-MIDHIGH,4PL,,,,3PP,,,,,,,,STORETYPE-FSDT   STATE-TAS   TIERDAY-D4-MIDHIGH   TIERLN-LN4-MIDHIGH   DRINKS-CANS,,,,,,,,,,,,7,7,Tasmania T1,,Collin
2275,Epping Plaza Food Court,VIC,MCN,D2-MIDLOW,LN2-MIDLOW,4PL,,1PP,,,,,,,,,,STORETYPE-MCN   STATE-VIC   TIERDAY-D2-MIDLOW   TIERLN-LN2-MIDLOW   DRINKS-CANS   CATEGORY-MALL,,STORETYPE-MALL,,,,,,,,,,5,5,,VIC 2,
2276,Legana,TAS,FSDT,D4-MIDHIGH,LN4-MIDHIGH,4PL,,1PP,,3PP,,,,,,,,STORETYPE-FSDT   STATE-TAS   TIERDAY-D4-MIDHIGH   TIERLN-LN4-MIDHIGH   DRINKS-CANS,,,,,,,,,,,,8,8,Tasmania T2,,Collin
2277,Claremont,TAS,FSDT,D4-MIDHIGH,LN4-MIDHIGH,4PL,,,,3PP,,1PP,,,,,,STORETYPE-FSDT   STATE-TAS   TIERDAY-D4-MIDHIGH   TIERLN-LN4-MIDHIGH   DRINKS-CANS,,,,,,,,,,,,8,11,Tasmania T1,,Collin
2278,Ulverstone,TAS,FSDT,D4-MIDHIGH,LN4-MIDHIGH,4PL,,,,3PP,,1PP,,,,,,STORETYPE-FSDT   STATE-TAS   TIERDAY-D4-MIDHIGH   TIERLN-LN4-MIDHIGH   DRINKS-CANS,,,,,,,,,,,,8,8,Tasmania T2,,Collin
2279,Derwent Park,TAS,FSDT,D4-MIDHIGH,LN4-MIDHIGH,4PL,,,,3PP,3PP,1PP,1PP,,,,,STORETYPE-FSDT   STATE-TAS   TIERDAY-D4-MIDHIGH   TIERLN-LN4-MIDHIGH   DRINKS-CANS,,,,,,,,,,,,12,12,Tasmania T1,,Collin
2280,Kings Meadow,TAS,FSDT,D4-MIDHIGH,LN4-MIDHIGH,4PL,,,,3PP,3PP,1PP,1PP,,,,,STORETYPE-FSDT   STATE-TAS   TIERDAY-D4-MIDHIGH   TIERLN-LN4-MIDHIGH   DRINKS-CANS,,,,,,,,,,,,12,12,Tasmania T2,,Collin
2281,Mowbray,TAS,FSDT,D4-MIDHIGH,LN4-MIDHIGH,4PL,,1PP,,3PP,,1PP,,,,,,STORETYPE-FSDT   STATE-TAS   TIERDAY-D4-MIDHIGH   TIERLN-LN4-MIDHIGH   DRINKS-CANS,,,,,,,,,,,,9,8,Tasmania T2,,Collin
2282,Burnie,TAS,FSDT,D4-MIDHIGH,LN4-MIDHIGH,4PL,,,,3PP,,1PP,,,,,,STORETYPE-FSDT   STATE-TAS   TIERDAY-D4-MIDHIGH   TIERLN-LN4-MIDHIGH   DRINKS-CANS,,,,,,,,,,,,8,8,Tasmania T2,,Collin
2283,Devonport,TAS,FSDT,D4-MIDHIGH,LN4-MIDHIGH,4PL,,1PP,,3PP,3PP,1PP,1PP,,,,,STORETYPE-FSDT   STATE-TAS   TIERDAY-D4-MIDHIGH   TIERLN-LN4-MIDHIGH   DRINKS-CANS,,,,,,,,,,,,13,13,Tasmania T2,,Collin
2284,Rosny Park,TAS,FSDT,D4-MIDHIGH,LN4-MIDHIGH,4PL,,,,3PP,3PP,1PP,1PP,,,,,STORETYPE-FSDT   STATE-TAS   TIERDAY-D4-MIDHIGH   TIERLN-LN4-MIDHIGH   DRINKS-CANS,,,,,,,,,,,,12,12,Tasmania T1,,Collin
2285,Thomastown,VIC,FSDT,D3-MID,LN3-MID,4PL,,1PP,,3PP,,1PP,,,,,,STORETYPE-FSDT   STATE-VIC   TIERDAY-D3-MID   TIERLN-LN3-MID   DRINKS-CANS,,,,,,,,,,,,9,9,,VIC 2,
2286,Northgate,TAS,MCN,D4-MIDHIGH,LN4-MIDHIGH,4PL,,1PP,,,,,,,,,,STORETYPE-MCN   STATE-TAS   TIERDAY-D4-MIDHIGH   TIERLN-LN4-MIDHIGH   DRINKS-CANS   CATEGORY-MALL,,STORETYPE-MALL,,,,,,,,,,5,5,Tasmania T1,,Collin
2287,Marion,SA,FSDT,D4-MIDHIGH,LN4-MIDHIGH,5PP,,,,3PP,,,,,,,,STORETYPE-FSDT   STATE-SA   TIERDAY-D4-MIDHIGH   TIERLN-LN4-MIDHIGH   EXPOCD-LANE1   DRINKS-CANS,,,,,,,,,,,EXPOCD-LANE1,8,8,South Australia,,Collin2
2288,Port Pirie,SA,FSDT,D5-HIGH,LN5-HIGH,4PL,,,,3PP,,,,,,,,STORETYPE-FSDT   STATE-SA   TIERDAY-D5-HIGH   TIERLN-LN5-HIGH   EXPOCD-LANE1   DRINKS-CANS,,,,,,,,,,,EXPOCD-LANE1,7,7,South Australia,SA 1,Collin2
2289,Port Augusta,SA,FSDT,D5-HIGH,LN5-HIGH,4PL,,,,3PP,,1PP,,,,,,STORETYPE-FSDT   STATE-SA   TIERDAY-D5-HIGH   TIERLN-LN5-HIGH   EXPOCD-LANE1   DRINKS-CANS,,,,,,,,,,,EXPOCD-LANE1,8,8,South Australia,SA 1,Collin2
2290,Noarlunga,SA,FSDT,D4-MIDHIGH,LN4-MIDHIGH,4PL,,,,3PP,3PP,1PP,1PP,,,,,STORETYPE-FSDT   STATE-SA   TIERDAY-D4-MIDHIGH   TIERLN-LN4-MIDHIGH   EXPOCD-LANE1   EXPOCD-LANE2   DRINKS-CANS,,,,,,,,,,,"EXPOCD-LANE1,EXPOCD-LANE2",12,12,South Australia,,Collin2
2291,Port Lincoln,SA,FSDT,D5-HIGH,LN5-HIGH,4PL,,,,3PP,,1PP,,,,,,STORETYPE-FSDT   STATE-SA   TIERDAY-D5-HIGH   TIERLN-LN5-HIGH   EXPOCD-LANE1   DRINKS-CANS,,,,,,,,,,,EXPOCD-LANE1,8,8,South Australia,SA 1,Collin2
2292,Marion Mall Food Court,SA,MCN,D1-LOW,LN1-LOW,4PL,,,,,,,,,,,,STORETYPE-MCN   STATE-SA   TIERDAY-D1-LOW   TIERLN-LN1-LOW   DRINKS-CANS   CATEGORY-MALL,,STORETYPE-MALL,,,,,,,,,,4,4,South Australia,,Collin2
2293,Victor Harbor,SA,FSDT,D5-HIGH,LN5-HIGH,4PL,,,,3PP,,1PP,,,,,,STORETYPE-FSDT   STATE-SA   TIERDAY-D5-HIGH   TIERLN-LN5-HIGH   EXPOCD-LANE1   DRINKS-CANS,,,,,,,,,,,EXPOCD-LANE1,8,8,South Australia,,Collin2
7872,Welland Plaza,SA,FSDT,D3-MID,LN3-MID,5PP,,1PP,,3PP,,,,,,,,STORETYPE-FSDT   STATE-SA   TIERDAY-D3-MID   TIERLN-LN3-MID   EXPOCD-LANE1   DRINKS-CANS,,,,,,,,,,,EXPOCD-LANE1,9,9,South Australia,SA 2,
2295,Whyalla,SA,FSDT,D5-HIGH,LN5-HIGH,4PL,,1PP,,3PP,,1PP,,,,,,STORETYPE-FSDT   STATE-SA   TIERDAY-D5-HIGH   TIERLN-LN5-HIGH   EXPOCD-LANE1   DRINKS-CANS,,,,,,,,,,,EXPOCD-LANE1,9,9,South Australia,SA 1,Collin2
7871,West Lakes FC,SA,MCN,D1-LOW,LN1-LOW,4PL,,,,,,,,,,,,STORETYPE-MCN   STATE-SA   TIERDAY-D1-LOW   TIERLN-LN1-LOW   DRINKS-CANS   CATEGORY-MALL,,STORETYPE-MALL,,,,,,,,,,4,4,South Australia,SA 2,
2297,Byford,WA,FSDT,D4-MIDHIGH,LN4-MIDHIGH,5PP,,,,3PP,3PP,1PP,1PP,,,,,STORETYPE-FSDT   STATE-WA   TIERDAY-D4-MIDHIGH   TIERLN-LN4-MIDHIGH   BADGE-HNS   EXPOCD-LANE1   EXPOCD-LANE2   DRINKS-CANS,,,,,,,,BADGE-HNS,,,"EXPOCD-LANE1,EXPOCD-LANE2",13,15,,,Collin2
2298,Armadale,WA,FSDT,D4-MIDHIGH,LN4-MIDHIGH,5PP,,,,3PP,3PP,1PP,,,,,,STORETYPE-FSDT   STATE-WA   TIERDAY-D4-MIDHIGH   TIERLN-LN4-MIDHIGH   BADGE-HNS   EXPOCD-LANE1   EXPOCD-LANE2   DRINKS-CANS,,,,,,,,BADGE-HNS,,,"EXPOCD-LANE1,EXPOCD-LANE2",12,9,,,Collin2
2299,Green Hills Food Court,NSW,MCN,D2-MIDLOW,LN2-MIDLOW,4PL,,,,,,,,,,,,STORETYPE-MCN   STATE-NSW   TIERDAY-D2-MIDLOW   TIERLN-LN2-MIDLOW   DRINKS-CANS   CATEGORY-MALL,,STORETYPE-MALL,,,,,,,,,,4,4,Newcastle,,
2300,Wollongong Central FC,NSW,MCN,D2-MIDLOW,LN2-MIDLOW,4PL,,1PP,,,,,,,,,,STORETYPE-MCN   STATE-NSW   TIERDAY-D2-MIDLOW   TIERLN-LN2-MIDLOW   KWENCH   DRINKS-CANS   CATEGORY-MALL,,STORETYPE-MALL,,,,,,,,KWENCH,,5,6,Wollongong,,
2301,Bondi Junction Eastgate,NSW,INL,D1-LOW,LN1-LOW,4PL,,1PP,,,,,,,,,,STORETYPE-INL   STATE-NSW   TIERDAY-D1-LOW   TIERLN-LN1-LOW   DRINKS-CANS,,,,,,,,,,,,5,5,,,
2302,Canadian,VIC,FSDT,D5-HIGH,LN5-HIGH,5PP,,,,3PP,3PP,1PP,1PP,,,,,STORETYPE-FSDT   STATE-VIC   TIERDAY-D5-HIGH   TIERLN-LN5-HIGH   DRINKS-CANS,,,,,,,,,,,,13,16,Western District VIC,,
2303,Lucas,VIC,FSDT,D5-HIGH,LN5-HIGH,5PP,,1PP,,3PP,3PP,1PP,1PP,,,,,STORETYPE-FSDT   STATE-VIC   TIERDAY-D5-HIGH   TIERLN-LN5-HIGH   DRINKS-CANS,,,,,,,,,,,,14,14,Western District VIC,,
2305,Darlinghurst,NSW,INL,D1-LOW,LN1-LOW,5PP,,1PP,,,,,,,,,,STORETYPE-INL   STATE-NSW   TIERDAY-D1-LOW   TIERLN-LN1-LOW   DRINKS-CANS,,,,,,,,,,,,6,6,,,
2306,Goulburn South,ACT,FSDT,D5-HIGH,LN5-HIGH,5PP,,,,3PP,3PP,,,,,,,STORETYPE-FSDT   STATE-ACT   TIERDAY-D5-HIGH   TIERLN-LN5-HIGH   DRINKS-CANS,,,,,,,,,,,,11,11,,,
2307,Jerrabomberra,ACT,FSDT,D3-MID,LN3-MID,5PP,,,,3PP,3PP,,,,,,,STORETYPE-FSDT   STATE-ACT   TIERDAY-D3-MID   TIERLN-LN3-MID   EXPOCD-LANE1   EXPOCD-LANE2   DRINKS-CANS,,,,,,,,,,,"EXPOCD-LANE1,EXPOCD-LANE2",11,11,Canberra,,
2308,Canberra City,ACT,INL,D1-LOW,LN1-LOW,4PL,,,,,,,,,,,,STORETYPE-INL   STATE-ACT   TIERDAY-D1-LOW   TIERLN-LN1-LOW   DRINKS-CANS,,,,,,,,,,,,4,4,Canberra,Canberra 1,
2309,Castle Towers Level 1,NSW,MCN,D1-LOW,LN1-LOW,5PP,,,,,,,,,,,,STORETYPE-MCN   STATE-NSW   TIERDAY-D1-LOW   TIERLN-LN1-LOW   DRINKS-CANS   CATEGORY-MALL,,STORETYPE-MALL,,,,,,,,,,5,5,,,
2310,Glen Waverley Central,VIC,INL,D1-LOW,LN1-LOW,4PL,,,,,,,,,,,,STORETYPE-INL   STATE-VIC   TIERDAY-D1-LOW   TIERLN-LN1-LOW   DRINKS-CANS,,,,,,,,,,,,4,4,,,
2311,Pulteney Street,SA,SBX,D1-LOW,LN1-LOW,5PP,,,,,,,,,,,,STORETYPE-SBX   STATE-SA   TIERDAY-D1-LOW   TIERLN-LN1-LOW   DRINKS-CANS   CATEGORY-SBX,,,,,,,,,,,,5,5,South Australia,,
2312,Kings Cross,NSW,INL,D1-LOW,LN1-LOW,3PL,,,,,,,,,,,,STORETYPE-INL   STATE-NSW   TIERDAY-D1-LOW   TIERLN-LN1-LOW   DRINKS-CANS,,,,,,,,,,,,3,3,,,
2313,Dandenong South,VIC,FSDT,D3-MID,LN3-MID,5PP,,,,3PP,,,,,,,,STORETYPE-FSDT   STATE-VIC   TIERDAY-D3-MID   TIERLN-LN3-MID   DRINKS-CANS,,,,,,,,,,,,8,8,,,
2314,Kooragang,NSW,FSDT,D3-MID,LN3-MID,4PL,,,,3PP,,1PP,,,,,,STORETYPE-FSDT   STATE-NSW   TIERDAY-D3-MID   TIERLN-LN3-MID   DRINKS-CANS,,,,,,,,,,,,8,8,Newcastle,,
2315,Mt Gambier Market Place,SA,FSDT,D5-HIGH,LN5-HIGH,5PP,,,,2PP,2PP,,,,,,,STORETYPE-FSDT   STATE-SA   TIERDAY-D5-HIGH   TIERLN-LN5-HIGH   EXPOCD-LANE1   EXPOCD-LANE2   DRINKS-CANS,,,,,,,,,,,"EXPOCD-LANE1,EXPOCD-LANE2",9,9,South Australia,,
2316,Pennant Hills,NSW,FSDT,D3-MID,LN3-MID,4PL,,,,3PP,,,,,,,,STORETYPE-FSDT   STATE-NSW   TIERDAY-D3-MID   TIERLN-LN3-MID   EXPOCD-LANE1   DRINKS-CANS,,,,,,,,,,,EXPOCD-LANE1,7,7,,,
2317,Forbes,NSW,FSDT,D5-HIGH,LN5-HIGH,5PP,,,,3PP,,1PP,,,,,,STORETYPE-FSDT   STATE-NSW   TIERDAY-D5-HIGH   TIERLN-LN5-HIGH   DRINKS-CANS,,,,,,,,,,,,9,9,,,
6765,Cranebrook,NSW,FSDT,D3-MID,LN3-MID,5PP,,1PP,,3PP,3PP,1PP,1PP,,,,,STORETYPE-FSDT   STATE-NSW   TIERDAY-D3-MID   TIERLN-LN3-MID   EXPOCD-LANE1   EXPOCD-LANE2   DRINKS-CANS,,,,,,,,,,,"EXPOCD-LANE1,EXPOCD-LANE2",14,14,,,
2319,Green Square,NSW,INL,D3-MID,LN3-MID,5PP,,1PP,,,,,,,,,,STORETYPE-INL   STATE-NSW   TIERDAY-D3-MID   TIERLN-LN3-MID   DRINKS-CANS,,,,,,,,,,,,6,5,,,
2320,Shepparton North,VIC,FSDT,D5-HIGH,LN5-HIGH,5PP,,1PP,,3PP,3PP,1PP,1PP,,,,,STORETYPE-FSDT   STATE-VIC   TIERDAY-D5-HIGH   TIERLN-LN5-HIGH   DRINKS-CANS,,,,,,,,,,,,14,15,,,
2321,Kelso,NSW,FSDT,D5-HIGH,LN5-HIGH,4PL,,1PP,,3PP,3PP,1PP,,,,,,STORETYPE-FSDT   STATE-NSW   TIERDAY-D5-HIGH   TIERLN-LN5-HIGH   DRINKS-CANS,,,,,,,,,,,,12,12,,,
2322,Officer Arena,VIC,FSDT,D3-MID,LN3-MID,5PP,,1PP,,3PP,3PP,,,,,,,STORETYPE-FSDT   STATE-VIC   TIERDAY-D3-MID   TIERLN-LN3-MID   DRINKS-CANS,,,,,,,,,,,,12,12,,,
2323,Ballina Travel Centre,NSW,INL,D2-MIDLOW,LN2-MIDLOW,5pp,,,,,,,,,,,,STORETYPE-INL   STATE-NSW   TIERDAY-D2-MIDLOW   TIERLN-LN2-MIDLOW   DRINKS-CANS,,,,,,,,,,,,5,5,Northern Riverlands,,
2324,Kogarah,NSW,MCN,D1-LOW,LN1-LOW,4PL,,,,,,,,,,,,STORETYPE-MCN   STATE-NSW   TIERDAY-D1-LOW   TIERLN-LN1-LOW   DRINKS-CANS   CATEGORY-MALL,,STORETYPE-MALL,,,,,,,,,,4,4,,,
2325,Bardia,NSW,FSDT,D3-MID,LN3-MID,5PP,,,,3PP,3PP,1PP,1PP,,,,,STORETYPE-FSDT   STATE-NSW   TIERDAY-D3-MID   TIERLN-LN3-MID   DRINKS-CANS,,,,,,,,,,,,13,16,,,
2326,Greenacre,NSW,FSDT,D3-MID,LN3-MID,5PP,,,,3PP,3PP,1PP,1PP,,,,,STORETYPE-FSDT   STATE-NSW   TIERDAY-D3-MID   TIERLN-LN3-MID   EXPOCD-LANE1   EXPOCD-LANE2   DRINKS-CANS,,,,,,,,,,,"EXPOCD-LANE1,EXPOCD-LANE2",13,13,,,
2327,Northam,WA,FSDT,D7-REMOTE,LN7-REMOTE,5PP,,,,3PP,3PP,1PP,1PP,,,,,STORETYPE-FSDT   STATE-WA   TIERDAY-D7-REMOTE   TIERLN-LN7-REMOTE   BADGE-HNS   EXPOCD-LANE1   EXPOCD-LANE2   DRINKS-CANS,,,,,,,,BADGE-HNS,,,"EXPOCD-LANE1,EXPOCD-LANE2",13,13,,,
2328,Leppington Central,NSW,FSDT,D3-MID,LN3-MID,5PP,,,,3PP,3PP,1PP,,,,,,STORETYPE-FSDT   STATE-NSW   TIERDAY-D3-MID   TIERLN-LN3-MID   DRINKS-CANS,,,,,,,,,,,,12,13,,,
2329,Melton South,VIC,FSDT,D3-MID,LN3-MID,5PP,,1PP,,3PP,3PP,1PP,1PP,,,,,STORETYPE-FSDT   STATE-VIC   TIERDAY-D3-MID   TIERLN-LN3-MID   DRINKS-CANS,,,,,,,,,,,,14,14,,,
2330,Cameron Park,NSW,FSDT,D4-MIDHIGH,LN4-MIDHIGH,5PP,,,,3PP,,1PP,,,,,,STORETYPE-FSDT   STATE-NSW   TIERDAY-D4-MIDHIGH   TIERLN-LN4-MIDHIGH   DRINKS-CANS,,,,,,,,,,,,9,9,Newcastle,,
2331,Bennetts Green,NSW,FSDT,D5-HIGH,LN5-HIGH,5PP,,1PP,,3PP,,1PP,,,,,,STORETYPE-FSDT   STATE-NSW   TIERDAY-D5-HIGH   TIERLN-LN5-HIGH   DRINKS-CANS,,,,,,,,,,,,10,9,Newcastle,,
2332,Chatswood Interchange,NSW,MCN,D1-LOW,LN1-LOW,4PL,,1PP,,,,,,,,,,STORETYPE-MCN   STATE-NSW   TIERDAY-D1-LOW   TIERLN-LN1-LOW   BADGE-HNS   DRINKS-CANS   CATEGORY-MALL,,STORETYPE-MALL,,,,,,BADGE-HNS,,,,5,5,,NSW 15,
2333,St Leonards,NSW,INL,D1-LOW,LN1-LOW,4PL,,1PP,,,,,,,,,,STORETYPE-INL   STATE-NSW   TIERDAY-D1-LOW   TIERLN-LN1-LOW   DRINKS-CANS,,,,,,,,,,,,5,5,,,
2334,Southern Cross Station VIC,VIC,INL,D1-LOW,LN1-LOW,4PL,,1PP,1PL,,,,,,,,,STORETYPE-INL   STATE-VIC   TIERDAY-D1-LOW   TIERLN-LN1-LOW   DRINKS-CANS,,,,,,,,,,,,6,6,,,
2335,Sheidow Park Hallets Cove,SA,FSDT,D5-HIGH,LN5-HIGH,5PP,,,,3PP,,1PP,,,,,,STORETYPE-FSDT   STATE-SA   TIERDAY-D5-HIGH   TIERLN-LN5-HIGH   EXPOCD-LANE1   DRINKS-CANS,,,,,,,,,,,EXPOCD-LANE1,9,9,South Australia,,Collin2
2336,Penlink Outbound,VIC,FSDT,D5-HIGH,LN5-HIGH,4PL,,,,3PP,,,,,,,,STORETYPE-FSDT   STATE-VIC   TIERDAY-D5-HIGH   TIERLN-LN5-HIGH   DRINKS-CANS,,,,,,,,,,,,7,7,,,
2337,Penlink Inbound,VIC,FSDT,D5-HIGH,LN5-HIGH,4PL,,,,3PP,,,,,,,,STORETYPE-FSDT   STATE-VIC   TIERDAY-D5-HIGH   TIERLN-LN5-HIGH   DRINKS-CANS,,,,,,,,,,,,7,7,,,
2339,Norwest,NSW,INL,D1-LOW,LN1-LOW,4PL,,,,,,,,,,,,STORETYPE-INL   STATE-NSW   TIERDAY-D1-LOW   TIERLN-LN1-LOW   DRINKS-CANS,,,,,,,,,,,,4,4,,,
2340,Brighton TAS,TAS,FSDT,D4-MIDHIGH,LN4-MIDHIGH,5PP,,,,3PP,,1PP,1PP,,,,,STORETYPE-FSDT   STATE-TAS   TIERDAY-D4-MIDHIGH   TIERLN-LN4-MIDHIGH   DRINKS-CANS,,,,,,,,,,,,10,9,Tasmania T1,,Collin
2342,Manor Lakes,VIC,FSDT,D3-MID,LN3-MID,5PP,,1PP,,3PP,3PP,1PP,1PP,,,,,STORETYPE-FSDT   STATE-VIC   TIERDAY-D3-MID   TIERLN-LN3-MID   DRINKS-CANS,,,,,,,,,,,,14,14,,,
2344,Epping DTO,VIC,DTO,D3-MID,LN3-MID,,,1PP,,2PP,2PP,1PP,1PP,,,,,STORETYPE-DTO   STATE-VIC   TIERDAY-D3-MID   TIERLN-LN3-MID   DRINKS-CANS,,,,,,,,,,,,7,7,,,
2346,Armstrong Creek,VIC,FSDT,D5-HIGH,LN5-HIGH,5PP,,1PP,,3PP,3PP,1PP,1PP,,,,,STORETYPE-FSDT   STATE-VIC   TIERDAY-D5-HIGH   TIERLN-LN5-HIGH   EXPOCD-LANE1   EXPOCD-LANE2   DRINKS-CANS,,,,,,,,,,,"EXPOCD-LANE1,EXPOCD-LANE2",14,13,,,
2347,Cannington,WA,FSDT,D4-MIDHIGH,LN4-MIDHIGH,5PP,,,,3PP,3PP,1PP,1PP,,,,,STORETYPE-FSDT   STATE-WA   TIERDAY-D4-MIDHIGH   TIERLN-LN4-MIDHIGH   BADGE-HNS   EXPOCD-LANE1   EXPOCD-LANE2   DRINKS-CANS,,,,,,,,BADGE-HNS,,,"EXPOCD-LANE1,EXPOCD-LANE2",13,13,,,
2348,Rhodes,NSW,MCN,D1-LOW,LN1-LOW,4PL,,,,,,,,,,,,STORETYPE-MCN   STATE-NSW   TIERDAY-D1-LOW   TIERLN-LN1-LOW   DRINKS-CANS   CATEGORY-MALL,,STORETYPE-MALL,,,,,,,,,,4,4,,,
2349,Beaconsfield,VIC,FSDT,D3-MID,LN3-MID,5PP,,,,3PP,3PP,,,,,,,STORETYPE-FSDT   STATE-VIC   TIERDAY-D3-MID   TIERLN-LN3-MID   DRINKS-CANS,,,,,,,,,,,,11,11,,,
2350,Collie,WA,FSDT,D7-REMOTE,LN7-REMOTE,5PP,,1PP,,3PP,3PP,1PP,1PP,,,,,STORETYPE-FSDT   STATE-WA   TIERDAY-D7-REMOTE   TIERLN-LN7-REMOTE   BADGE-HNS   EXPOCD-LANE1   EXPOCD-LANE2   DRINKS-CANS,,,,,,,,BADGE-HNS,,,"EXPOCD-LANE1,EXPOCD-LANE2",14,15,,,
2351,Glenfield Park Wagga Wagga North,NSW,FSDT,D5-HIGH,LN5-HIGH,4PP,,,,3PP,,1PP,,,,,,STORETYPE-FSDT   STATE-NSW   TIERDAY-D5-HIGH   TIERLN-LN5-HIGH   DRINKS-CANS,,,,,,,,,,,,8,13,,,Collin2
2353,Kellyville Village,NSW,INL,D1-LOW,LN1-LOW,4PL,,,,,,,,,,,,STORETYPE-INL   STATE-NSW   TIERDAY-D1-LOW   TIERLN-LN1-LOW   DRINKS-CANS,,,,,,,,,,,,4,4,,,
2354,Kellyville Ridge,NSW,DTO,D3-MID,LN3-MID,,,,,3PP,3PP,1PP,,,,,,STORETYPE-DTO   STATE-NSW   TIERDAY-D3-MID   TIERLN-LN3-MID   DRINKS-CANS,,,,,,,,,,,,7,10,,,
2355,Auburn,NSW,INL,D3-MID,LN3-MID,4PL,,,,,,,,,,,,STORETYPE-INL   STATE-NSW   TIERDAY-D3-MID   TIERLN-LN3-MID   PREP-HAL   DRINKS-CANS,,,,,,,PREP-HAL,,,,,4,4,,,
2356,Moss Vale,NSW,FSDT,D5-HIGH,LN5-HIGH,5PP,,1PP,,3PP,,,,,,,,STORETYPE-FSDT   STATE-NSW   TIERDAY-D5-HIGH   TIERLN-LN5-HIGH   DRINKS-CANS,,,,,,,,,,,,9,9,Wollongong,,
2357,Wollert,VIC,FSDT,D3-MID,LN3-MID,5PP,,1PP,,3PP,3PP,1PP,1PP,,,,,STORETYPE-FSDT   STATE-VIC   TIERDAY-D3-MID   TIERLN-LN3-MID   DRINKS-CANS,,,,,,,,,,,,14,14,,,
2359,Sunbury South,VIC,FSDT,D5-HIGH,LN5-HIGH,5PP,,,,3PP,3PP,1PP,1PP,,,,,STORETYPE-FSDT   STATE-VIC   TIERDAY-D5-HIGH   TIERLN-LN5-HIGH   DRINKS-CANS,,,,,,,,,,,,13,13,,,
2360,Craigieburn East,VIC,FSDT,D3-MID,LN3-MID,5PP,,1PP,,3PP,3PP,1PP,1PP,,,,,STORETYPE-FSDT   STATE-VIC   TIERDAY-D3-MID   TIERLN-LN3-MID   DRINKS-CANS,,,,,,,,,,,,14,13,,,
2361,Campbellfield,VIC,FSDT,D3-MID,LN3-MID,5PP,,,,3PP,3PP,1PP,1PP,,,,,STORETYPE-FSDT   STATE-VIC   TIERDAY-D3-MID   TIERLN-LN3-MID   PREP-HAL   DRINKS-CANS,,,,,,,PREP-HAL,,,,,13,16,,,
2362,Lansell square,VIC,FSDT,D5-HIGH,LN5-HIGH,5PP,,1PP,,3PP,3PP,1PP,1PP,,,,,STORETYPE-FSDT   STATE-VIC   TIERDAY-D5-HIGH   TIERLN-LN5-HIGH   SCHEDULE--ISM-5PP--ISM-5PPTEST   bendigo_lunch   DRINKS-CANS,SCHEDULE--ISM-5PP--ISM-5PPTEST,,,,,,,,bendigo_lunch,,,14,14,Bendigo,,
2363,Nuriootpa,SA,FSDT,D5-HIGH,LN5-HIGH,5PP,,,,3PP,,1PP,,,,,,STORETYPE-FSDT   STATE-SA   TIERDAY-D5-HIGH   TIERLN-LN5-HIGH   EXPOCD-LANE1   DRINKS-CANS,,,,,,,,,,,EXPOCD-LANE1,9,9,South Australia,,
2364,Cranbourne West,VIC,FSDT,D4-MIDHIGH,LN4-MIDHIGH,5PP,,1PP,,3PP,,,,,,,,STORETYPE-FSDT   STATE-VIC   TIERDAY-D4-MIDHIGH   TIERLN-LN4-MIDHIGH   DRINKS-CANS,,,,,,,,,,,,9,12,,,
2365,Broadway FC,NSW,MCN,D3-MID,LN3-MID,5PP,,,,,,,,,,,,STORETYPE-MCN   STATE-NSW   TIERDAY-D3-MID   TIERLN-LN3-MID   DRINKS-CANS   CATEGORY-MALL,,STORETYPE-MALL,,,,,,,,,,5,5,,,
2366,Dandenong,VIC,FSDT,D4-MIDHIGH,LN4-MIDHIGH,5PP,,,,3PP,3PP,1PP,1PP,,,,,STORETYPE-FSDT   STATE-VIC   TIERDAY-D4-MIDHIGH   TIERLN-LN4-MIDHIGH   DRINKS-CANS,,,,,,,,,,,,13,13,,,
2368,Willowdale,NSW,FSDT,D3-MID,LN3-MID,5PP,,1PP,,3PP,3PP,,,,,,,STORETYPE-FSDT   STATE-NSW   TIERDAY-D3-MID   TIERLN-LN3-MID   DRINKS-CANS,,,,,,,,,,,,12,11,,,
2370,Eaton,WA,FSDT,D7-REMOTE,LN7-REMOTE,5PP,,1PP,,3PP,3PP,1PP,1PP,,,,,STORETYPE-FSDT   STATE-WA   TIERDAY-D7-REMOTE   TIERLN-LN7-REMOTE   BADGE-HNS   EXPOCD-LANE1   EXPOCD-LANE2   DRINKS-CANS,,,,,,,,BADGE-HNS,,,"EXPOCD-LANE1,EXPOCD-LANE2",14,14,,,
2371,Huntlee,NSW,FSDT,D5-HIGH,LN5-HIGH,5PP,,,,3PP,,1PP,,,,,,STORETYPE-FSDT   STATE-NSW   TIERDAY-D5-HIGH   TIERLN-LN5-HIGH   DRINKS-CANS,,,,,,,,,,,,9,9,Newcastle,,
2372,Parkmore FC,VIC,MFSDT,D1-LOW,LN1-LOW,5PP,,,,,,,,,,,,STORETYPE-MFSDT   STATE-VIC   TIERDAY-D1-LOW   TIERLN-LN1-LOW   DRINKS-CANS,,,,,,,,,,,,5,5,,,
2373,Frankston Bayside,VIC,MCN,D3-MID,LN3-MID,5PP,,1PP,,,,,,,,,,STORETYPE-MCN   STATE-VIC   TIERDAY-D3-MID   TIERLN-LN3-MID   DRINKS-CANS   CATEGORY-MALL,,STORETYPE-MALL,,,,,,,,,,6,6,,,
2374,The Glen,VIC,MCN,D1-LOW,LN1-LOW,5PP,,1PP,,,,,,,,,,STORETYPE-MCN   STATE-VIC   TIERDAY-D1-LOW   TIERLN-LN1-LOW   DRINKS-CANS   CATEGORY-MALL,,STORETYPE-MALL,,,,,,,,,,6,5,,,
2375,Maltby Bypass,VIC,FSDT,D3-MID,LN3-MID,5PP,,,,3PP,3PP,1PP,1PP,,,,,STORETYPE-FSDT   STATE-VIC   TIERDAY-D3-MID   TIERLN-LN3-MID   DRINKS-CANS,,,,,,,,,,,,13,13,,,
2376,Kempsey (South),NSW,FSDT,D5-HIGH,LN5-HIGH,5PP,,,,3PP,3PP,1PP,1PP,,,,,STORETYPE-FSDT   STATE-NSW   TIERDAY-D5-HIGH   TIERLN-LN5-HIGH   DRINKS-CANS,,,,,,,,,,,,13,18,Northern Riverlands,,
2377,Stawell,VIC,FSDT,D5-HIGH,LN5-HIGH,5PP,,1PP,,3PP,3PP,,,,,,,STORETYPE-FSDT   STATE-VIC   TIERDAY-D5-HIGH   TIERLN-LN5-HIGH   DRINKS-CANS,,,,,,,,,,,,12,12,Western District VIC,,
2378,Drysdale,VIC,FSDT,D5-HIGH,LN5-HIGH,5PP,,1PP,,3PP,,1PP,,,,,,STORETYPE-FSDT   STATE-VIC   TIERDAY-D5-HIGH   TIERLN-LN5-HIGH   DRINKS-CANS,,,,,,,,,,,,10,10,,,
2379,Eastern Creek Quarter,NSW,FSDT,D4-MIDHIGH,LN4-MIDHIGH,5PP,,,,3PP,3PP,1PP,1PP,,,,,STORETYPE-FSDT   STATE-NSW   TIERDAY-D4-MIDHIGH   TIERLN-LN4-MIDHIGH   EXPOCD-LANE1   EXPOCD-LANE2   DRINKS-CANS,,,,,,,,,,,"EXPOCD-LANE1,EXPOCD-LANE2",13,13,,,
7873,Hendon,SA,FSDT,D3-MID,LN3-MID,5PP,,1PP,,3PP,,1PP,,,,,,STORETYPE-FSDT   STATE-SA   TIERDAY-D3-MID   TIERLN-LN3-MID   kwench_national   kwench_takeover   EXPOCD-LANE1   DRINKS-CANS,,,,,,,,,"kwench_national,kwench_takeover",,EXPOCD-LANE1,10,10,South Australia,,
2383,MLC Centre,NSW,MCN,D2-MIDLOW,LN2-MIDLOW,5PP,,,,,,,,,,,,STORETYPE-MCN   STATE-NSW   TIERDAY-D2-MIDLOW   TIERLN-LN2-MIDLOW   DRINKS-CANS   CATEGORY-MALL,,STORETYPE-MALL,,,,,,,,,,5,5,,,
2384,Parafield,SA,FSDT,D3-MID,LN3-MID,5PP,,1PP,,3PP,3PP,1PP,1PP,,,,,STORETYPE-FSDT   STATE-SA   TIERDAY-D3-MID   TIERLN-LN3-MID   EXPOCD-LANE1   EXPOCD-LANE2   DRINKS-CANS,,,,,,,,,,,"EXPOCD-LANE1,EXPOCD-LANE2",14,16,South Australia,,
2385,Cobram,VIC,FSDT,D5-HIGH,LN5-HIGH,5PP,,,,3PP,3PP,1PP,1PP,,,,,STORETYPE-FSDT   STATE-VIC   TIERDAY-D5-HIGH   TIERLN-LN5-HIGH   DRINKS-CANS,,,,,,,,,,,,13,13,,,
2386,Devonport HMC,TAS,FSDT,D4-MIDHIGH,LN4-MIDHIGH,5PP,,,,3PP,,1PP,,,,,,STORETYPE-FSDT   STATE-TAS   TIERDAY-D4-MIDHIGH   TIERLN-LN4-MIDHIGH   DRINKS-CANS,,,,,,,,,,,,9,9,Tasmania T1,,Collin
2387,Stanhope Gardens,NSW,INL,D1-LOW,LN1-LOW,5PP,,,,,,,,,,,,STORETYPE-INL   STATE-NSW   TIERDAY-D1-LOW   TIERLN-LN1-LOW   DRINKS-CANS,,,,,,,,,,,,5,5,,,
2388,Epsom,VIC,FSDT,D5-HIGH,LN5-HIGH,5PP,,1PP,,3PP,3PP,1PP,1PP,,,,,STORETYPE-FSDT   STATE-VIC   TIERDAY-D5-HIGH   TIERLN-LN5-HIGH   SCHEDULE--ISM-5PP--ISM-5PPTEST   bendigo_lunch   DRINKS-CANS,SCHEDULE--ISM-5PP--ISM-5PPTEST,,,,,,,,bendigo_lunch,,,14,16,Bendigo,,
2390,Pakenham South,VIC,ILDT,D5-HIGH,LN5-HIGH,5PP,,,,3PP,,,,,,,,STORETYPE-ILDT   STATE-VIC   TIERDAY-D5-HIGH   TIERLN-LN5-HIGH   DRINKS-CANS,,,,,,,,,,,,8,8,,,
2391,T1 Sydney Airport,NSW,APT,D6-AIR,LN6-AIR,4PL,,1PL,,,,,,,,,,STORETYPE-APT   STATE-NSW   TIERDAY-D6-AIR   TIERLN-LN6-AIR   SCHEDULE--ISM-4PL--ISM-4PLAIR   DRINKS-CANS   CATEGORY-AIRPORT,SCHEDULE--ISM-4PL--ISM-4PLAIR,,,,,,,,,,,5,4,,,
2392,Freshwater Place,VIC,INL,D1-LOW,LN1-LOW,5PP,,,,,,,,,,,,STORETYPE-INL   STATE-VIC   TIERDAY-D1-LOW   TIERLN-LN1-LOW   DRINKS-CANS,,,,,,,,,,,,5,5,,,
2393,T2 Sydney Airport,NSW,APT,D6-AIR,LN6-AIR,5PP,,,,,,,,,,,,STORETYPE-APT   STATE-NSW   TIERDAY-D6-AIR   TIERLN-LN6-AIR   SCHEDULE--ISM-5PP--ISM-5PPAIR   DRINKS-CANS   CATEGORY-AIRPORT,SCHEDULE--ISM-5PP--ISM-5PPAIR,,,,,,,,,,,5,5,,,
2394,Woolooware Bay Central,NSW,MCN,D1-LOW,LN1-LOW,5PP,,,,,,,,,,,,STORETYPE-MCN   STATE-NSW   TIERDAY-D1-LOW   TIERLN-LN1-LOW   DRINKS-CANS   CATEGORY-MALL,,STORETYPE-MALL,,,,,,,,,,5,5,,,
2396,Mambourin,VIC,FSDT,D3-MID,LN3-MID,5PP,,,,3PP,3PP,1PP,1PP,,,,,STORETYPE-FSDT   STATE-VIC   TIERDAY-D3-MID   TIERLN-LN3-MID   EXPOCD-LANE1   EXPOCD-LANE2   DRINKS-CANS,,,,,,,,,,,"EXPOCD-LANE1,EXPOCD-LANE2",13,13,,,
2397,Northfield,SA,FSDT,D3-MID,LN3-MID,5PP,,1PP,,3PP,3PP,1PP,1PP,,,,,STORETYPE-FSDT   STATE-SA   TIERDAY-D3-MID   TIERLN-LN3-MID   EXPOCD-LANE1   EXPOCD-LANE2   DRINKS-CANS,,,,,,,,,,,"EXPOCD-LANE1,EXPOCD-LANE2",14,14,South Australia,,
2398,Medowie,NSW,FSDT,D5-HIGH,LN5-HIGH,5PP,,1PP,,3PP,3PP,1PP,,,,,,STORETYPE-FSDT   STATE-NSW   TIERDAY-D5-HIGH   TIERLN-LN5-HIGH   EXPOCD-LANE1   EXPOCD-LANE2   DRINKS-CANS,,,,,,,,,,,"EXPOCD-LANE1,EXPOCD-LANE2",13,13,Newcastle,,
2399,Strathfield,NSW,INL,D1-LOW,LN1-LOW,5PP,,,,,,,,,,,,STORETYPE-INL   STATE-NSW   TIERDAY-D1-LOW   TIERLN-LN1-LOW   DRINKS-CANS,,,,,,,,,,,,5,5,,,
2400,Wallsend,NSW,INL,D1-LOW,LN1-LOW,5PP,,,,3PP,,1PP,,,,,,STORETYPE-INL   STATE-NSW   TIERDAY-D1-LOW   TIERLN-LN1-LOW   DRINKS-CANS,,,,,,,,,,,,9,5,Newcastle,,
2404,St Ives,NSW,INL,D1-LOW,LN1-LOW,5PP,,1PP,,,,,,,,,,STORETYPE-INL   STATE-NSW   TIERDAY-D1-LOW   TIERLN-LN1-LOW   DRINKS-CANS,,,,,,,,,,,,6,6,,,
2405,North Sydney,NSW,INL,D1-LOW,LN1-LOW,5PP,,1PP,,,,,,,,,,STORETYPE-INL   STATE-NSW   TIERDAY-D1-LOW   TIERLN-LN1-LOW   DRINKS-CANS,,,,,,,,,,,,6,6,,,
2406,North Rocks,NSW,INL,D1-LOW,LN1-LOW,5PP,,,,,,,,,,,,STORETYPE-INL   STATE-NSW   TIERDAY-D1-LOW   TIERLN-LN1-LOW   DRINKS-CANS,,,,,,,,,,,,5,5,,,
2408,Chirnside Park,VIC,FSDT,D4-MIDHIGH,LN4-MIDHIGH,5PP,,1PP,,3PP,3PP,1PP,1PP,,,,,STORETYPE-FSDT   STATE-VIC   TIERDAY-D4-MIDHIGH   TIERLN-LN4-MIDHIGH   DRINKS-CANS,,,,,,,,,,,,14,14,,,
2409,Knox Mall,VIC,MCN,D2-MIDLOW,LN2-MIDLOW,4PL,,,,,,,,,,,,STORETYPE-MCN   STATE-VIC   TIERDAY-D2-MIDLOW   TIERLN-LN2-MIDLOW   FREEZE-PXM   DRINKS-CANS   CATEGORY-MALL,,STORETYPE-MALL,,FREEZE-PXM,,,,,,,,4,4,,,
2411,Northland Mall,VIC,MCN,D1-LOW,LN1-LOW,4PL,,,,,,,,,,,,STORETYPE-MCN   STATE-VIC   TIERDAY-D1-LOW   TIERLN-LN1-LOW   DRINKS-CANS   CATEGORY-MALL,,STORETYPE-MALL,,,,,,,,,,4,4,,,
2428,Marrickville Metro,NSW,MCN,D1-LOW,LN1-LOW,4PL,,,,,,,,,,,,STORETYPE-MCN   STATE-NSW   TIERDAY-D1-LOW   TIERLN-LN1-LOW   DRINKS-CANS   CATEGORY-MALL,,STORETYPE-MALL,,,,,,,,,,4,4,,,
2432,Hurstville Central,NSW,INL,D1-LOW,LN1-LOW,4PL,,,,,,,,,,,,STORETYPE-INL   STATE-NSW   TIERDAY-D1-LOW   TIERLN-LN1-LOW   DRINKS-CANS,,,,,,,,,,,,4,4,,,
2435,Balwyn,VIC,INL,D1-LOW,LN1-LOW,4PL,5PP,,,3PP,,1PP,,,,,,STORETYPE-INL   STATE-VIC   TIERDAY-D1-LOW   TIERLN-LN1-LOW   DRINKS-CANS,,,,,,,,,,,,13,9,,,
2439,Berwick Nth,VIC,FSDT,D3-MID,LN3-MID,5PP,,,,3PP,,1PP,,,,,,STORETYPE-FSDT   STATE-VIC   TIERDAY-D3-MID   TIERLN-LN3-MID   DRINKS-CANS,,,,,,,,,,,,9,9,,,
2442,Oran Park,NSW,FSDT,D3-MID,LN3-MID,5PP,,,,3PP,3PP,,,,,,,STORETYPE-FSDT   STATE-NSW   TIERDAY-D3-MID   TIERLN-LN3-MID   DRINKS-CANS,,,,,,,,,,,,11,11,,,
2489,Tamworth Central,NSW,FSDT,D5-HIGH,LN5-HIGH,5PP,,,,3PP,3PP,1PP,1PP,,,,,STORETYPE-FSDT   STATE-NSW   TIERDAY-D5-HIGH   TIERLN-LN5-HIGH   DRINKS-CANS,,,,,,,,,,,,13,13,,,
2490,Southern Cross Station 2,VIC,INL,D1-LOW,LN1-LOW,5PP,,,,,,,,,,,,STORETYPE-INL   STATE-VIC   TIERDAY-D1-LOW   TIERLN-LN1-LOW   DRINKS-CANS,,,,,,,,,,,,5,5,,,
2498,Clayton South,VIC,FSDT,D3-MID,LN3-MID,5PP,,,,3PP,,,,,,,,STORETYPE-FSDT   STATE-VIC   TIERDAY-D3-MID   TIERLN-LN3-MID   DRINKS-CANS,,,,,,,,,,,,8,11,,,
6510,Rutherford,NSW,FSDT,D5-HIGH,LN5-HIGH,4PL,,1PP,,3PP,,1PP,,,,,,STORETYPE-FSDT   STATE-NSW   TIERDAY-D5-HIGH   TIERLN-LN5-HIGH   EXPOCD-LANE1   DRINKS-CANS,,,,,,,,,,,EXPOCD-LANE1,9,10,Newcastle,,
6513,Hoxton Park,NSW,FSDT,D3-MID,LN3-MID,5PP,,,,3PP,,1PP,,,,770x256,512x256,STORETYPE-FSDT   STATE-NSW   TIERDAY-D3-MID   TIERLN-LN3-MID   kwench_national   kwench_takeover   EXPOCD-LANE1   DRINKS-CANS,,,,,,,,,"kwench_national,kwench_takeover",,EXPOCD-LANE1,9,11,,,
6514,Glendale,NSW,FSDT,D4-MIDHIGH,LN4-MIDHIGH,4PL,,1PP,,3PP,,1PP,,,,,,STORETYPE-FSDT   STATE-NSW   TIERDAY-D4-MIDHIGH   TIERLN-LN4-MIDHIGH   EXPOCD-LANE1   DRINKS-CANS,,,,,,,,,,,EXPOCD-LANE1,9,9,Newcastle,,
6517,Plumpton,NSW,FSDT,D4-MIDHIGH,LN4-MIDHIGH,5PP,,,,3PP,,1PP,,,,,,STORETYPE-FSDT   STATE-NSW   TIERDAY-D4-MIDHIGH   TIERLN-LN4-MIDHIGH   EXPOCD-LANE1   DRINKS-CANS,,,,,,,,,,,EXPOCD-LANE1,9,9,,,
6538,Rosehill,NSW,FSDT,D3-MID,LN3-MID,5PP,,,,3PP,,1PP,1PP,,,,,STORETYPE-FSDT   STATE-NSW   TIERDAY-D3-MID   TIERLN-LN3-MID   EXPOCD-LANE1   DRINKS-CANS,,,,,,,,,,,EXPOCD-LANE1,10,10,,"NSW 12, NSW 15",
6550,Richmond South,NSW,FSDT,D3-MID,LN3-MID,4PL,,,,3PP,,1PP,,,,,,STORETYPE-FSDT   STATE-NSW   TIERDAY-D3-MID   TIERLN-LN3-MID   EXPOCD-LANE1   DRINKS-CANS,,,,,,,,,,,EXPOCD-LANE1,8,9,,,
6553,Penrith South,NSW,FSDT,D3-MID,LN3-MID,5PP,,1PP,,3PP,,1PP,1PP,,,,,STORETYPE-FSDT   STATE-NSW   TIERDAY-D3-MID   TIERLN-LN3-MID   EXPOCD-LANE1   DRINKS-CANS,,,,,,,,,,,EXPOCD-LANE1,11,14,,NSW 1,
6554,Minto,NSW,FSDT,D4-MIDHIGH,LN4-MIDHIGH,5PP,,,,3PP,,1PP,1PP,,,,,STORETYPE-FSDT   STATE-NSW   TIERDAY-D4-MIDHIGH   TIERLN-LN4-MIDHIGH   EXPOCD-LANE1   DRINKS-CANS,,,,,,,,,,,EXPOCD-LANE1,10,10,,NSW 6,
6555,Bonnyrigg,NSW,FSDT,D3-MID,LN3-MID,5PP,,1PP,,3PP,3PP,1PP,1PP,,,,,STORETYPE-FSDT   STATE-NSW   TIERDAY-D3-MID   TIERLN-LN3-MID   EXPOCD-LANE1   EXPOCD-LANE2   DRINKS-CANS,,,,,,,,,,,"EXPOCD-LANE1,EXPOCD-LANE2",14,14,,NSW 4,
6556,Kings Park,NSW,FSDT,D3-MID,LN3-MID,5PP,,1PP,,3PP,,1PP,,,,,,STORETYPE-FSDT   STATE-NSW   TIERDAY-D3-MID   TIERLN-LN3-MID   EXPOCD-LANE1   DRINKS-CANS,,,,,,,,,,,EXPOCD-LANE1,10,10,,NSW 10,
6558,Werrington,NSW,FSDT,D3-MID,LN3-MID,5PP,,,,3PP,,1PP,,,,,,STORETYPE-FSDT   STATE-NSW   TIERDAY-D3-MID   TIERLN-LN3-MID   EXPOCD-LANE1   DRINKS-CANS,,,,,,,,,,,EXPOCD-LANE1,9,9,,NSW 1,
6571,Macquarie Centre,NSW,MCN,D1-LOW,LN1-LOW,4PL,,1PP,,,,,,,,,,STORETYPE-MCN   STATE-NSW   TIERDAY-D1-LOW   TIERLN-LN1-LOW   DRINKS-CANS   CATEGORY-MALL,,STORETYPE-MALL,,,,,,,,,,5,5,,"NSW 15, NSW 7",
6592,East Maitland,NSW,FSDT,D5-HIGH,LN5-HIGH,5PP,,,,3PP,,1PP,,,,,,STORETYPE-FSDT   STATE-NSW   TIERDAY-D5-HIGH   TIERLN-LN5-HIGH   EXPOCD-LANE1   DRINKS-CANS,,,,,,,,,,,EXPOCD-LANE1,9,9,Newcastle,,
6601,Jesmond,NSW,FSDT,D4-MIDHIGH,LN4-MIDHIGH,4PL,,,,3PP,,1PP,,,,,,STORETYPE-FSDT   STATE-NSW   TIERDAY-D4-MIDHIGH   TIERLN-LN4-MIDHIGH   EXPOCD-LANE1   DRINKS-CANS,,,,,,,,,,,EXPOCD-LANE1,8,8,Newcastle,NSW 5,
6602,Minchinbury,NSW,FSDT,D3-MID,LN3-MID,4PL,,1PP,,3PP,,1PP,1PP,,,,,STORETYPE-FSDT   STATE-NSW   TIERDAY-D3-MID   TIERLN-LN3-MID   kwench_national   kwench_takeover   EXPOCD-LANE1   DRINKS-CANS,,,,,,,,,"kwench_national,kwench_takeover",,EXPOCD-LANE1,10,13,,,
6617,Fairy Meadow,NSW,FSDT,D4-MIDHIGH,LN4-MIDHIGH,4PL,,1PP,,3PP,3PP,1PP,1PP,,,,,STORETYPE-FSDT   STATE-NSW   TIERDAY-D4-MIDHIGH   TIERLN-LN4-MIDHIGH   KWENCH   kwench_core_dtm   EXPOCD-LANE1   EXPOCD-LANE2   DRINKS-CANS,,,,,,,,,,"KWENCH,kwench_core_dtm","EXPOCD-LANE1,EXPOCD-LANE2",13,14,Wollongong,,
6618,Unanderra,NSW,FSDT,D4-MIDHIGH,LN4-MIDHIGH,4PL,,,,3PP,,1PP,1PP,,,,,STORETYPE-FSDT   STATE-NSW   TIERDAY-D4-MIDHIGH   TIERLN-LN4-MIDHIGH   KWENCH   kwench_core_dtm   EXPOCD-LANE1   DRINKS-CANS,,,,,,,,,,"KWENCH,kwench_core_dtm",EXPOCD-LANE1,9,11,Wollongong,,
6619,Warrawong,NSW,FSDT,D3-MID,LN3-MID,5PP,,,,3PP,,1PP,1PP,,,,,STORETYPE-FSDT   STATE-NSW   TIERDAY-D3-MID   TIERLN-LN3-MID   KWENCH   kwench_core_dtm   EXPOCD-LANE1   DRINKS-CANS,,,,,,,,,,"KWENCH,kwench_core_dtm",EXPOCD-LANE1,10,9,Wollongong,,
6636,Kotara,NSW,FSDT,D4-MIDHIGH,LN4-MIDHIGH,4PL,,,,3PP,,1PP,,,,,,STORETYPE-FSDT   STATE-NSW   TIERDAY-D4-MIDHIGH   TIERLN-LN4-MIDHIGH   EXPOCD-LANE1   DRINKS-CANS,,,,,,,,,,,EXPOCD-LANE1,8,8,Newcastle,NSW 5,
6640,Mt Druitt,NSW,FSDT,D4-MIDHIGH,LN4-MIDHIGH,4PL,,,,3PP,,1PP,,,,,,STORETYPE-FSDT   STATE-NSW   TIERDAY-D4-MIDHIGH   TIERLN-LN4-MIDHIGH   EXPOCD-LANE1   DRINKS-CANS,,,,,,,,,,,EXPOCD-LANE1,8,8,,,
6643,St Clair,NSW,FSDT,D3-MID,LN3-MID,5PP,,,,3PP,,1PP,1PP,,,,,STORETYPE-FSDT   STATE-NSW   TIERDAY-D3-MID   TIERLN-LN3-MID   kwench_national   kwench_takeover   EXPOCD-LANE1   DRINKS-CANS,,,,,,,,,"kwench_national,kwench_takeover",,EXPOCD-LANE1,10,10,,,
6668,Campbelltown,NSW,FSDT,D4-MIDHIGH,LN4-MIDHIGH,5PP,,,,3PP,3PP,1PP,1PP,,,,,STORETYPE-FSDT   STATE-NSW   TIERDAY-D4-MIDHIGH   TIERLN-LN4-MIDHIGH   EXPOCD-LANE1   EXPOCD-LANE2   DRINKS-CANS,,,,,,,,,,,"EXPOCD-LANE1,EXPOCD-LANE2",13,13,,NSW 6,
6689,Wetherill Park (Outside),NSW,FSDT,D4-MIDHIGH,LN4-MIDHIGH,5PP,,,,3PP,,1PP,,,,,,STORETYPE-FSDT   STATE-NSW   TIERDAY-D4-MIDHIGH   TIERLN-LN4-MIDHIGH   EXPOCD-LANE1   DRINKS-CANS,,,,,,,,,,,EXPOCD-LANE1,9,9,,NSW 4,
6693,Dapto,NSW,FSDT,D4-MIDHIGH,LN4-MIDHIGH,5PP,,1PP,,3PP,,1PP,,,,,,STORETYPE-FSDT   STATE-NSW   TIERDAY-D4-MIDHIGH   TIERLN-LN4-MIDHIGH   KWENCH   kwench_core_dtm   EXPOCD-LANE1   DRINKS-CANS,,,,,,,,,,"KWENCH,kwench_core_dtm",EXPOCD-LANE1,10,10,Wollongong,,
6703,Frenchs Forest,NSW,FSDT,D3-MID,LN3-MID,4PL,,1PP,,3PP,,1PP,1PP,,,,,STORETYPE-FSDT   STATE-NSW   TIERDAY-D3-MID   TIERLN-LN3-MID   EXPOCD-LANE1   DRINKS-CANS,,,,,,,,,,,EXPOCD-LANE1,10,10,,"NSW 15, NSW 7, NSW 9",
6705,Flowerdale,NSW,FSDT,D3-MID,LN3-MID,4PL,,,,3PP,,1PP,,,,,,STORETYPE-FSDT   STATE-NSW   TIERDAY-D3-MID   TIERLN-LN3-MID   EXPOCD-LANE1   DRINKS-CANS,,,,,,,,,,,EXPOCD-LANE1,8,9,,,
6709,Emerton,NSW,FSDT,D4-MIDHIGH,LN4-MIDHIGH,5PP,,,,3PP,,1PP,,,,,,STORETYPE-FSDT   STATE-NSW   TIERDAY-D4-MIDHIGH   TIERLN-LN4-MIDHIGH   EXPOCD-LANE1   DRINKS-CANS,,,,,,,,,,,EXPOCD-LANE1,9,9,,,
6719,Kincumber,NSW,FSDT,D4-MIDHIGH,LN4-MIDHIGH,4PL,,,,3PP,,1PP,1PP,,,,,STORETYPE-FSDT   STATE-NSW   TIERDAY-D4-MIDHIGH   TIERLN-LN4-MIDHIGH   EXPOCD-LANE1   DRINKS-CANS,,,,,,,,,,,EXPOCD-LANE1,9,9,,,
6721,Mingara,NSW,FSDT,D3-MID,LN3-MID,5PP,,,,3PP,,1PP,1PP,,,,,STORETYPE-FSDT   STATE-NSW   TIERDAY-D3-MID   TIERLN-LN3-MID   EXPOCD-LANE1   DRINKS-CANS,,,,,,,,,,,EXPOCD-LANE1,10,9,,,
6727,West Gosford,NSW,FSDT,D4-MIDHIGH,LN4-MIDHIGH,5PP,,1PP,,3PP,,,,,,,,STORETYPE-FSDT   STATE-NSW   TIERDAY-D4-MIDHIGH   TIERLN-LN4-MIDHIGH   EXPOCD-LANE1   DRINKS-CANS,,,,,,,,,,,EXPOCD-LANE1,9,9,,NSW 2,
6729,Mayfield,NSW,FSDT,D5-HIGH,LN5-HIGH,4PL,,1PP,,3PP,,1PP,1PP,,,,,STORETYPE-FSDT   STATE-NSW   TIERDAY-D5-HIGH   TIERLN-LN5-HIGH   EXPOCD-LANE1   DRINKS-CANS,,,,,,,,,,,EXPOCD-LANE1,10,11,Newcastle,NSW 5,
6732,Granville,NSW,FSDT,D3-MID,LN3-MID,5PP,,1PP,,3PP,,1PP,,,,,,STORETYPE-FSDT   STATE-NSW   TIERDAY-D3-MID   TIERLN-LN3-MID   kwench_national   kwench_takeover   EXPOCD-LANE1   DRINKS-CANS,,,,,,,,,"kwench_national,kwench_takeover",,EXPOCD-LANE1,10,11,,,
6734,Palais,NSW,FSDT,D4-MIDHIGH,LN4-MIDHIGH,5PP,,,,3PP,,1PP,,,,,,STORETYPE-FSDT   STATE-NSW   TIERDAY-D4-MIDHIGH   TIERLN-LN4-MIDHIGH   EXPOCD-LANE1   DRINKS-CANS,,,,,,,,,,,EXPOCD-LANE1,9,9,Newcastle,NSW 5,
6744,Broadmeadow (Drive Thru Only),NSW,DTO,D3-MID,LN3-MID,,,,,2PP,2PP,1PP,1PP,,,,,STORETYPE-DTO   STATE-NSW   TIERDAY-D3-MID   TIERLN-LN3-MID   EXPOCD-LANE1   EXPOCD-LANE2   DRINKS-CANS,,,,,,,,,,,"EXPOCD-LANE1,EXPOCD-LANE2",6,15,Newcastle,NSW 5,
6753,Parklea,NSW,FSDT,D3-MID,LN3-MID,5PP,,1PP,,3PP,3PP,1PP,1PP,,,,,STORETYPE-FSDT   STATE-NSW   TIERDAY-D3-MID   TIERLN-LN3-MID   kwench_national   kwench_takeover   EXPOCD-LANE1   EXPOCD-LANE2   DRINKS-CANS,,,,,,,,,"kwench_national,kwench_takeover",,"EXPOCD-LANE1,EXPOCD-LANE2",14,15,,NSW 10,
6754,Erina,NSW,FSDT,D4-MIDHIGH,LN4-MIDHIGH,5PP,,1PP,,3PP,,1PP,,,,,,STORETYPE-FSDT   STATE-NSW   TIERDAY-D4-MIDHIGH   TIERLN-LN4-MIDHIGH   kwench_national   kwench_takeover   EXPOCD-LANE1   DRINKS-CANS,,,,,,,,,"kwench_national,kwench_takeover",,EXPOCD-LANE1,10,10,,NSW 2,
6758,Marsden Park,NSW,FSDT,D4-MIDHIGH,LN4-MIDHIGH,5PP,,1PP,,3PP,,1PP,,,,,,STORETYPE-FSDT   STATE-NSW   TIERDAY-D4-MIDHIGH   TIERLN-LN4-MIDHIGH   EXPOCD-LANE1   DRINKS-CANS,,,,,,,,,,,EXPOCD-LANE1,10,10,,,
7810,Elizabeth,SA,FSDT,D4-MIDHIGH,LN4-MIDHIGH,5PP,,,,3PP,,1PP,,,,,,STORETYPE-FSDT   STATE-SA   TIERDAY-D4-MIDHIGH   TIERLN-LN4-MIDHIGH   kwench_national   kwench_takeover   EXPOCD-LANE1   DRINKS-CANS,,,,,,,,,"kwench_national,kwench_takeover",,EXPOCD-LANE1,9,10,South Australia,SA 3,
7812,Reynella,SA,FSDT,D4-MIDHIGH,LN4-MIDHIGH,5PP,,1PP,,3PP,,1PP,,,,,,STORETYPE-FSDT   STATE-SA   TIERDAY-D4-MIDHIGH   TIERLN-LN4-MIDHIGH   EXPOCD-LANE1   DRINKS-CANS,,,,,,,,,,,EXPOCD-LANE1,10,12,South Australia,,
7824,Modbury,SA,FSDT,D4-MIDHIGH,LN4-MIDHIGH,5PP,,,,3PP,3PP,1PP,1PP,,,,,STORETYPE-FSDT   STATE-SA   TIERDAY-D4-MIDHIGH   TIERLN-LN4-MIDHIGH   kwench_national   kwench_takeover   EXPOCD-LANE1   EXPOCD-LANE2   DRINKS-CANS,,,,,,,,,"kwench_national,kwench_takeover",,"EXPOCD-LANE1,EXPOCD-LANE2",13,13,South Australia,,
7830,Golden Grove,SA,FSDT,D4-MIDHIGH,LN4-MIDHIGH,5PP,,,,3PP,,1PP,1PP,,,,,STORETYPE-FSDT   STATE-SA   TIERDAY-D4-MIDHIGH   TIERLN-LN4-MIDHIGH   EXPOCD-LANE1   DRINKS-CANS,,,,,,,,,,,EXPOCD-LANE1,10,10,South Australia,,
7832,Murray Bridge,SA,FSDT,D5-HIGH,LN5-HIGH,5PP,,1PP,1PP,3PP,3PP,1PP,1PP,,,,,STORETYPE-FSDT   STATE-SA   TIERDAY-D5-HIGH   TIERLN-LN5-HIGH   EXPOCD-LANE1   EXPOCD-LANE2   DRINKS-CANS,,,,,,,,,,,"EXPOCD-LANE1,EXPOCD-LANE2",15,15,South Australia,,
7836,Port Adelaide,SA,FSDT,D4-MIDHIGH,LN4-MIDHIGH,5PP,,,,3PP,,1PP,,,,,,STORETYPE-FSDT   STATE-SA   TIERDAY-D4-MIDHIGH   TIERLN-LN4-MIDHIGH   EXPOCD-LANE1   DRINKS-CANS,,,,,,,,,,,EXPOCD-LANE1,9,11,South Australia,SA 2,
7838,Mt Barker,SA,FSDT,D5-HIGH,LN5-HIGH,4PL,,1PP,,3PP,3PP,1PP,1PP,,,,,STORETYPE-FSDT   STATE-SA   TIERDAY-D5-HIGH   TIERLN-LN5-HIGH   EXPOCD-LANE1   EXPOCD-LANE2   DRINKS-CANS,,,,,,,,,,,"EXPOCD-LANE1,EXPOCD-LANE2",13,14,South Australia,,
7840,Marden,SA,FSDT,D3-MID,LN3-MID,5PP,,,,3PP,,1PP,,,,,,STORETYPE-FSDT   STATE-SA   TIERDAY-D3-MID   TIERLN-LN3-MID   EXPOCD-LANE1   DRINKS-CANS,,,,,,,,,,,EXPOCD-LANE1,9,9,South Australia,,
7842,Mawson Lakes,SA,FSDT,D3-MID,LN3-MID,5PP,,1PP,,3PP,,1PP,,,,,,STORETYPE-FSDT   STATE-SA   TIERDAY-D3-MID   TIERLN-LN3-MID   EXPOCD-LANE1   DRINKS-CANS,,,,,,,,,,,EXPOCD-LANE1,10,10,South Australia,,
7843,Salisbury,SA,FSDT,D4-MIDHIGH,LN4-MIDHIGH,5PP,,,,3PP,,1PP,,,,,,STORETYPE-FSDT   STATE-SA   TIERDAY-D4-MIDHIGH   TIERLN-LN4-MIDHIGH   kwench_national   kwench_takeover   EXPOCD-LANE1   DRINKS-CANS,,,,,,,,,"kwench_national,kwench_takeover",,EXPOCD-LANE1,9,10,South Australia,,
7846,Gawler,SA,FSDT,D4-MIDHIGH,LN4-MIDHIGH,4PL,,,,3PP,3PP,1PP,1PP,1PP,,,,STORETYPE-FSDT   STATE-SA   TIERDAY-D4-MIDHIGH   TIERLN-LN4-MIDHIGH   kwench_national   kwench_takeover   EXPOCD-LANE1   EXPOCD-LANE2   DRINKS-CANS,,,,,,,,,"kwench_national,kwench_takeover",,"EXPOCD-LANE1,EXPOCD-LANE2",13,13,South Australia,,
7850,Elizabeth Mall,SA,MCN,D1-LOW,LN1-LOW,4PL,,1PP,,,,,,,,,,STORETYPE-MCN   STATE-SA   TIERDAY-D1-LOW   TIERLN-LN1-LOW   DRINKS-CANS   CATEGORY-MALL,,STORETYPE-MALL,,,,,,,,,,5,4,South Australia,SA 3,
7855,Paralowie,SA,FSDT,D4-MIDHIGH,LN4-MIDHIGH,5PP,,,,3PP,,1PP,,,,,,STORETYPE-FSDT   STATE-SA   TIERDAY-D4-MIDHIGH   TIERLN-LN4-MIDHIGH   kwench_national   kwench_takeover   EXPOCD-LANE1   DRINKS-CANS,,,,,,,,,"kwench_national,kwench_takeover",,EXPOCD-LANE1,9,9,South Australia,,
7856,Munno Para,SA,FSDT,D4-MIDHIGH,LN4-MIDHIGH,5PP,,1PP,,3PP,3PP,1PP,1PP,,,,,STORETYPE-FSDT   STATE-SA   TIERDAY-D4-MIDHIGH   TIERLN-LN4-MIDHIGH   kwench_national   kwench_takeover   EXPOCD-LANE1   EXPOCD-LANE2   DRINKS-CANS,,,,,,,,,"kwench_national,kwench_takeover",,"EXPOCD-LANE1,EXPOCD-LANE2",14,15,South Australia,SA 3,
7858,Playford,SA,FSDT,D3-MID,LN3-MID,5PP,,,,3PP,3PP,1PP,1PP,1PP,1PP,,,STORETYPE-FSDT   STATE-SA   TIERDAY-D3-MID   TIERLN-LN3-MID   kwench_national   kwench_takeover   EXPOCD-LANE1   EXPOCD-LANE2   DRINKS-CANS,,,,,,,,,"kwench_national,kwench_takeover",,"EXPOCD-LANE1,EXPOCD-LANE2",15,15,South Australia,SA 3,
7860,Tea Tree Plaza Food Court,SA,MCN,D1-LOW,LN1-LOW,4PL,,,,,,,,,,,,STORETYPE-MCN   STATE-SA   TIERDAY-D1-LOW   TIERLN-LN1-LOW   DRINKS-CANS   CATEGORY-MALL,,STORETYPE-MALL,,,,,,,,,,4,4,South Australia,,
7861,Colonnades FC,SA,MCN,D1-LOW,LN1-LOW,4PL,,,,,,,,,,,,STORETYPE-MCN   STATE-SA   TIERDAY-D1-LOW   TIERLN-LN1-LOW   DRINKS-CANS   CATEGORY-MALL,,STORETYPE-MALL,,,,,,,,,,4,5,South Australia,,
7864,Blakes Crossing,SA,FSDT,D3-MID,LN3-MID,5PP,,1PP,,3PP,3PP,1PP,1PP,,,,,STORETYPE-FSDT   STATE-SA   TIERDAY-D3-MID   TIERLN-LN3-MID   kwench_national   kwench_takeover   EXPOCD-LANE1   EXPOCD-LANE2   DRINKS-CANS,,,,,,,,,"kwench_national,kwench_takeover",,"EXPOCD-LANE1,EXPOCD-LANE2",14,17,South Australia,,
9701,Malaga,WA,FSDT,D4-MIDHIGH,LN4-MIDHIGH,5PP,,,,3PP,,1PP,,,,,,STORETYPE-FSDT   STATE-WA   TIERDAY-D4-MIDHIGH   TIERLN-LN4-MIDHIGH   BADGE-HNS   EXPOCD-LANE1   DRINKS-CANS,,,,,,,,BADGE-HNS,,,EXPOCD-LANE1,9,9,,,Collin2
9702,Murdoch,WA,FSDT,D4-MIDHIGH,LN4-MIDHIGH,5PP,,,,3PP,3PP,1PP,1PP,,,,,STORETYPE-FSDT   STATE-WA   TIERDAY-D4-MIDHIGH   TIERLN-LN4-MIDHIGH   BADGE-HNS   EXPOCD-LANE1   EXPOCD-LANE2   DRINKS-CANS,,,,,,,,BADGE-HNS,,,"EXPOCD-LANE1,EXPOCD-LANE2",13,13,,,Collin2
9703,Mt Gravatt,QLD,FSDT,D4-MIDHIGH,LN4-MIDHIGH,5PP,,,,3PP,,1PP,,,,,,STORETYPE-FSDT   STATE-QLD   TIERDAY-D4-MIDHIGH   TIERLN-LN4-MIDHIGH   BADGE-HNS   DRINKS-CANS,,,,,,,,BADGE-HNS,,,,9,9,,,Collin
9704,Bundamba,QLD,FSDT,D3-MID,LN3-MID,5PP,,,,3PP,3PP,1PP,1PP,,,,,STORETYPE-FSDT   STATE-QLD   TIERDAY-D3-MID   TIERLN-LN3-MID   BADGE-HNS   DRINKS-CANS,,,,,,,,BADGE-HNS,,,,13,13,,,Collin
9705,Richlands,QLD,FSDT,D4-MIDHIGH,LN4-MIDHIGH,5PP,,,,3PP,3PP,1PP,1PP,,,,,STORETYPE-FSDT   STATE-QLD   TIERDAY-D4-MIDHIGH   TIERLN-LN4-MIDHIGH   BADGE-HNS   DRINKS-CANS,,,,,,,,BADGE-HNS,,,,13,13,,,Collin
9706,Brabham,WA,FSDT,D4-MIDHIGH,LN4-MIDHIGH,5PP,,1PP,,3PP,,1PP,,,,,,STORETYPE-FSDT   STATE-WA   TIERDAY-D4-MIDHIGH   TIERLN-LN4-MIDHIGH   BADGE-HNS   EXPOCD-LANE1   DRINKS-CANS,,,,,,,,BADGE-HNS,,,EXPOCD-LANE1,10,10,,,Collin2
9707,Ellenbrook North,WA,FSDT,D4-MIDHIGH,LN4-MIDHIGH,5PP,,,,3PP,3PP,1PP,1PP,,,,,STORETYPE-FSDT   STATE-WA   TIERDAY-D4-MIDHIGH   TIERLN-LN4-MIDHIGH   BADGE-HNS   EXPOCD-LANE1   EXPOCD-LANE2   DRINKS-CANS,,,,,,,,BADGE-HNS,,,"EXPOCD-LANE1,EXPOCD-LANE2",13,13,,,Collin2
9708,Queen Street Mall Brisbane,QLD,MCP,D1-LOW,LN1-LOW,4PL,,1PP,,,,,,,,,,STORETYPE-MCP   STATE-QLD   TIERDAY-D1-LOW   TIERLN-LN1-LOW   BADGE-HNS   DRINKS-CUPS   CATEGORY-MALL,,STORETYPE-MALL,DRINKS-CUPS,,,,,BADGE-HNS,,,,5,6,,,Collin
9709,Currumbin,QLD,FSDT,D5-HIGH,LN5-HIGH,5PP,,,,3PP,,1PP,,,,,,STORETYPE-FSDT   STATE-QLD   TIERDAY-D5-HIGH   TIERLN-LN5-HIGH   BADGE-HNS   DRINKS-CANS,,,,,,,,BADGE-HNS,,,,9,9,,,Collin
9710,Big Fish Caboolture,QLD,FSDT,D3-MID,LN3-MID,5PP,,,,3PP,,1PP,,,,,,STORETYPE-FSDT   STATE-QLD   TIERDAY-D3-MID   TIERLN-LN3-MID   BADGE-HNS   DRINKS-CANS,,,,,,,,BADGE-HNS,,,,9,10,,,Collin
9711,Coorparoo,QLD,FSDT,D3-MID,LN3-MID,5PP,,,,3PP,,1PP,,,,,,STORETYPE-FSDT   STATE-QLD   TIERDAY-D3-MID   TIERLN-LN3-MID   BADGE-HNS   DRINKS-CANS,,,,,,,,BADGE-HNS,,,,9,9,,,Collin
9712,Parkhurst,QLD,FSDT,D9-TEMPHIGH,LN9-TEMPHIGH,5PP,,,,3PP,3PP,1PP,1PP,,,,,STORETYPE-FSDT   STATE-QLD   TIERDAY-D9-TEMPHIGH   TIERLN-LN9-TEMPHIGH   BADGE-HNS   DRINKS-CANS,,,,,,,,BADGE-HNS,,,,13,13,,,Collin
9713,Windsor,QLD,FSDT,D4-MIDHIGH,LN4-MIDHIGH,5PP,,,,3PP,,1PP,,,,,,STORETYPE-FSDT   STATE-QLD   TIERDAY-D4-MIDHIGH   TIERLN-LN4-MIDHIGH   BADGE-HNS   DRINKS-CANS,,,,,,,,BADGE-HNS,,,,9,9,,,Collin
9714,Bowen,QLD,FSDT,D5-HIGH,LN5-HIGH,5PP,,,,3PP,,1PP,,,,,,STORETYPE-FSDT   STATE-QLD   TIERDAY-D5-HIGH   TIERLN-LN5-HIGH   DRINKS-CANS,,,,,,,,,,,,9,9,,,Collin
9715,Coomera South,QLD,FSDT,D4-MIDHIGH,LN4-MIDHIGH,5PP,,,,3PP,3PP,1PP,1PP,,,,,STORETYPE-FSDT   STATE-QLD   TIERDAY-D4-MIDHIGH   TIERLN-LN4-MIDHIGH   BADGE-HNS   DRINKS-CANS,,,,,,,,BADGE-HNS,,,,13,13,,,Collin
9716,Karalee,QLD,FSDT,D3-MID,LN3-MID,5PP,,,,3PP,,1PP,,,,,,STORETYPE-FSDT   STATE-QLD   TIERDAY-D3-MID   TIERLN-LN3-MID   BADGE-HNS   DRINKS-CANS,,,,,,,,BADGE-HNS,,,,9,9,,,Collin
9717,Underwood,QLD,FSDT,D4-MIDHIGH,LN4-MIDHIGH,5PP,,,,3PP,3PP,1PP,1PP,,,,,STORETYPE-FSDT   STATE-QLD   TIERDAY-D4-MIDHIGH   TIERLN-LN4-MIDHIGH   BADGE-HNS   DRINKS-CANS,,,,,,,,BADGE-HNS,,,,13,13,,,Collin
9718,Aura,QLD,FSDT,D3-MID,LN3-MID,5PP,,,,3PP,3PP,1PP,1PP,,,,,STORETYPE-FSDT   STATE-QLD   TIERDAY-D3-MID   TIERLN-LN3-MID   BADGE-HNS   DRINKS-CANS,,,,,,,,BADGE-HNS,,,,13,13,,,Collin
9719,Fairfield,QLD,FSDT,D9-TEMPHIGH,LN9-TEMPHIGH,5PP,,,,3PP,3PP,1PP,1PP,,,,,STORETYPE-FSDT   STATE-QLD   TIERDAY-D9-TEMPHIGH   TIERLN-LN9-TEMPHIGH   BADGE-HNS   DRINKS-CANS,,,,,,,,BADGE-HNS,,,,13,13,North QLD,,Collin
9720,Stuart Park,NT,FSDT,D7-REMOTE,LN7-REMOTE,5PP,,,,3PP,3PP,1PP,1PP,,,,,STORETYPE-FSDT   STATE-NT   TIERDAY-D7-REMOTE   TIERLN-LN7-REMOTE   BADGE-HNS   DRINKS-CANS,,,,,,,,BADGE-HNS,,,,13,14,,,
9721,Dalyellup,WA,FSDT,D7-REMOTE,LN7-REMOTE,5PP,,,,3PP,3PP,1PP,1PP,,,,,STORETYPE-FSDT   STATE-WA   TIERDAY-D7-REMOTE   TIERLN-LN7-REMOTE   BADGE-HNS   EXPOCD-LANE1   EXPOCD-LANE2   DRINKS-CANS,,,,,,,,BADGE-HNS,,,"EXPOCD-LANE1,EXPOCD-LANE2",13,13,,,
9722,Yanchep,WA,FSDT,D4-MIDHIGH,LN4-MIDHIGH,5PP,,,,3PP,3PP,1PP,1PP,,,,,STORETYPE-FSDT   STATE-WA   TIERDAY-D4-MIDHIGH   TIERLN-LN4-MIDHIGH   BADGE-HNS   EXPOCD-LANE1   EXPOCD-LANE2   DRINKS-CANS,,,,,,,,BADGE-HNS,,,"EXPOCD-LANE1,EXPOCD-LANE2",13,12,,,
9723,Paget,QLD,ILDT,D9-TEMPHIGH,LN9-TEMPHIGH,5PP,,,,3PP,,1PP,,,,,,STORETYPE-ILDT   STATE-QLD   TIERDAY-D9-TEMPHIGH   TIERLN-LN9-TEMPHIGH   BADGE-HNS   DRINKS-CANS,,,,,,,,BADGE-HNS,,,,9,9,,,
9724,Thornlands,QLD,FSDT,D3-MID,LN3-MID,5PP,,,,3PP,,,,,,,,STORETYPE-FSDT   STATE-QLD   TIERDAY-D3-MID   TIERLN-LN3-MID   BADGE-HNS   DRINKS-CANS,,,,,,,,BADGE-HNS,,,,8,9,,,Collin
9725,Burnie South,TAS,ILDT,D4-MIDHIGH,LN4-MIDHIGH,4PL,,,,3PP,,,,,,,,STORETYPE-ILDT   STATE-TAS   TIERDAY-D4-MIDHIGH   TIERLN-LN4-MIDHIGH   DRINKS-CANS,,,,,,,,,,,,7,7,Tasmania T2,,Collin
9726,Cannonvale,QLD,FSDT,D9-TEMPHIGH,LN9-TEMPHIGH,5PP,,,,3PP,3PP,1PP,,,,,,STORETYPE-FSDT   STATE-QLD   TIERDAY-D9-TEMPHIGH   TIERLN-LN9-TEMPHIGH   DRINKS-CANS,,,,,,,,,,,,12,12,,,Collin
9727,Dakabin,QLD,FSDT,D3-MID,LN3-MID,5PP,,,,3PP,3PP,1PP,1PP,,,,,STORETYPE-FSDT   STATE-QLD   TIERDAY-D3-MID   TIERLN-LN3-MID   BADGE-HNS   DRINKS-CANS,,,,,,,,BADGE-HNS,,,,13,13,,,Collin
9728,Goondiwindi,QLD,FSDT,D5-HIGH,LN5-HIGH,5PP,,,,3PP,3PP,1PP,1PP,,,,,STORETYPE-FSDT   STATE-QLD   TIERDAY-D5-HIGH   TIERLN-LN5-HIGH   DRINKS-CANS,,,,,,,,,,,,13,13,,,Collin
9729,Clinton,QLD,FSDT,D9-TEMPHIGH,LN9-TEMPHIGH,5PP,,,,3PP,3PP,1PP,1PP,,,,,STORETYPE-FSDT   STATE-QLD   TIERDAY-D9-TEMPHIGH   TIERLN-LN9-TEMPHIGH   BADGE-HNS   DRINKS-CANS,,,,,,,,BADGE-HNS,,,,13,13,,,Collin
9730,Perth Airport,WA,FSDT,D4-MIDHIGH,LN4-MIDHIGH,5PP,,,,3PP,3PP,1PP,,,,,,STORETYPE-FSDT   STATE-WA   TIERDAY-D4-MIDHIGH   TIERLN-LN4-MIDHIGH   BADGE-HNS   EXPOCD-LANE1   EXPOCD-LANE2   DRINKS-CANS,,,,,,,,BADGE-HNS,,,"EXPOCD-LANE1,EXPOCD-LANE2",12,13,,,Collin2
9733,Burdell ,QLD,FSDT,D9-TEMPHIGH,LN9-TEMPHIGH,5PP,,,,3PP,3PP,1PP,1PP,,,,,STORETYPE-FSDT   STATE-QLD   TIERDAY-D9-TEMPHIGH   TIERLN-LN9-TEMPHIGH   BADGE-HNS   DRINKS-CANS,,,,,,,,BADGE-HNS,,,,13,15,North QLD,,Collin
9739,Edmonton,QLD,FSDT,D9-TEMPHIGH,LN9-TEMPHIGH,5PP,,,,3PP,,1PP,,,,,,STORETYPE-FSDT   STATE-QLD   TIERDAY-D9-TEMPHIGH   TIERLN-LN9-TEMPHIGH   BADGE-HNS   KWENCH   DRINKS-CANS,,,,,,,,BADGE-HNS,,KWENCH,,9,14,Cairns,,Collin
9740,Pimpama,QLD,FSDT,D4-MIDHIGH,LN4-MIDHIGH,5PP,,,,3PP,3PP,1PP,1PP,,,,,STORETYPE-FSDT   STATE-QLD   TIERDAY-D4-MIDHIGH   TIERLN-LN4-MIDHIGH   BADGE-HNS   DRINKS-CANS,,,,,,,,BADGE-HNS,,,,13,13,,,Collin
9741,Ascot,WA,FSDT,D4-MIDHIGH,LN4-MIDHIGH,5PP,,,,3PP,3PP,1PP,1PP,,,,,STORETYPE-FSDT   STATE-WA   TIERDAY-D4-MIDHIGH   TIERLN-LN4-MIDHIGH   BADGE-HNS   EXPOCD-LANE1   EXPOCD-LANE2   DRINKS-CANS,,,,,,,,BADGE-HNS,,,"EXPOCD-LANE1,EXPOCD-LANE2",13,13,,,Collin2
9742,Meadowbrook,QLD,FSDT,D4-MIDHIGH,LN4-MIDHIGH,4PL,,,,3PP,,1PP,,,,,,STORETYPE-FSDT   STATE-QLD   TIERDAY-D4-MIDHIGH   TIERLN-LN4-MIDHIGH   BADGE-HNS   DRINKS-CANS,,,,,,,,BADGE-HNS,,,,8,13,,,Collin
9743,Toowoomba East,QLD,FSDT,D5-HIGH,LN5-HIGH,4PL,,1PL,,3PP,3PP,1PP,1PP,,,,,STORETYPE-FSDT   STATE-QLD   TIERDAY-D5-HIGH   TIERLN-LN5-HIGH   BADGE-HNS   DRINKS-CANS,,,,,,,,BADGE-HNS,,,,13,18,,,Collin
9744,Butler,WA,FSDT,D4-MIDHIGH,LN4-MIDHIGH,5PP,,1PP,,3PP,3PP,1PP,1PP,,,,,STORETYPE-FSDT   STATE-WA   TIERDAY-D4-MIDHIGH   TIERLN-LN4-MIDHIGH   BADGE-HNS   EXPOCD-LANE1   EXPOCD-LANE2   DRINKS-CANS,,,,,,,,BADGE-HNS,,,"EXPOCD-LANE1,EXPOCD-LANE2",14,13,,,Collin2
9745,Baldivis,WA,FSDT,D4-MIDHIGH,LN4-MIDHIGH,5PP,,,,3PP,3PP,,,,,,,STORETYPE-FSDT   STATE-WA   TIERDAY-D4-MIDHIGH   TIERLN-LN4-MIDHIGH   BADGE-HNS   EXPOCD-LANE1   EXPOCD-LANE2   DRINKS-CANS,,,,,,,,BADGE-HNS,,,"EXPOCD-LANE1,EXPOCD-LANE2",11,21,,,Collin2
9746,Ormeau,QLD,FSDT,D3-MID,LN3-MID,4PL,,,,3PP,3PP,1PP,1PP,,,,,STORETYPE-FSDT   STATE-QLD   TIERDAY-D3-MID   TIERLN-LN3-MID   BADGE-HNS   DRINKS-CANS,,,,,,,,BADGE-HNS,,,,12,18,,,Collin
9747,Caboolture City,QLD,FSDT,D4-MIDHIGH,LN4-MIDHIGH,5PP,,,,3PP,3PP,,,,,,,STORETYPE-FSDT   STATE-QLD   TIERDAY-D4-MIDHIGH   TIERLN-LN4-MIDHIGH   BADGE-HNS   DRINKS-CANS,,,,,,,,BADGE-HNS,,,,11,11,,,Collin
9748,Victoria Point,QLD,FSDT,D4-MIDHIGH,LN4-MIDHIGH,4PL,,,,3PP,,1PP,1PP,,,,,STORETYPE-FSDT   STATE-QLD   TIERDAY-D4-MIDHIGH   TIERLN-LN4-MIDHIGH   BADGE-HNS   DRINKS-CANS,,,,,,,,BADGE-HNS,,,,9,8,,,Collin
9749,Brisbane Airport,QLD,FSDT,D5-HIGH,LN5-HIGH,4PL,,1PL,,3PP,3PP,1PP,,,,,,STORETYPE-FSDT   STATE-QLD   TIERDAY-D5-HIGH   TIERLN-LN5-HIGH   BADGE-HNS   DRINKS-CANS,,,,,,,,BADGE-HNS,,,,12,12,,,Collin
9750,Yamanto,QLD,FSDT,D4-MIDHIGH,LN4-MIDHIGH,5PP,,,,3PP,3PP,1PP,,,,,,STORETYPE-FSDT   STATE-QLD   TIERDAY-D4-MIDHIGH   TIERLN-LN4-MIDHIGH   BADGE-HNS   DRINKS-CANS,,,,,,,,BADGE-HNS,,,,12,15,,,Collin
9751,Kedron,QLD,FSDT,D4-MIDHIGH,LN4-MIDHIGH,4PL,,,,3PP,,,,,,,,STORETYPE-FSDT   STATE-QLD   TIERDAY-D4-MIDHIGH   TIERLN-LN4-MIDHIGH   BADGE-HNS   DRINKS-CANS,,,,,,,,BADGE-HNS,,,,7,7,,,Collin
9755,Greenslopes,QLD,FSDT,D3-MID,LN3-MID,4PL,,,,3PP,,1PP,,,,,,STORETYPE-FSDT   STATE-QLD   TIERDAY-D3-MID   TIERLN-LN3-MID   BADGE-HNS   DRINKS-CANS,,,,,,,,BADGE-HNS,,,,8,8,,,Collin
9756,Morningside,QLD,FSDT,D4-MIDHIGH,LN4-MIDHIGH,4PL,,,,3PP,,1PP,,,,,,STORETYPE-FSDT   STATE-QLD   TIERDAY-D4-MIDHIGH   TIERLN-LN4-MIDHIGH   BADGE-HNS   DRINKS-CANS,,,,,,,,BADGE-HNS,,,,8,8,,,Collin
9757,Clayfield,QLD,FSDT,D4-MIDHIGH,LN4-MIDHIGH,4PL,,,,3PP,3PP,1PP,,,,,,STORETYPE-FSDT   STATE-QLD   TIERDAY-D4-MIDHIGH   TIERLN-LN4-MIDHIGH   BADGE-HNS   DRINKS-CANS,,,,,,,,BADGE-HNS,,,,11,11,,,Collin
9758,Booval,QLD,FSDT,D4-MIDHIGH,LN4-MIDHIGH,4PL,,,,3PP,,1PP,,,,,,STORETYPE-FSDT   STATE-QLD   TIERDAY-D4-MIDHIGH   TIERLN-LN4-MIDHIGH   BADGE-HNS   DRINKS-CANS,,,,,,,,BADGE-HNS,,,,8,12,,,Collin
9759,Kangaroo Point,QLD,FSDT,D3-MID,LN3-MID,4PL,,1PL,,3PP,,1PP,,,,,,STORETYPE-FSDT   STATE-QLD   TIERDAY-D3-MID   TIERLN-LN3-MID   BADGE-HNS   DRINKS-CANS,,,,,,,,BADGE-HNS,,,,9,9,,,Collin
9761,Kelvin Grove,QLD,FSDT,D3-MID,LN3-MID,4PL,,,,3PP,,1PP,,,,,,STORETYPE-FSDT   STATE-QLD   TIERDAY-D3-MID   TIERLN-LN3-MID   BADGE-HNS   DRINKS-CANS,,,,,,,,BADGE-HNS,,,,8,8,,,Collin
9764,Aspley,QLD,FSDT,D4-MIDHIGH,LN4-MIDHIGH,5PP,,,,3PP,,1PP,,,,,,STORETYPE-FSDT   STATE-QLD   TIERDAY-D4-MIDHIGH   TIERLN-LN4-MIDHIGH   BADGE-HNS   DRINKS-CANS,,,,,,,,BADGE-HNS,,,,9,9,,,Collin
9766,Bundaberg,QLD,FSDT,D9-TEMPHIGH,LN9-TEMPHIGH,4PL,,,,3PP,3PP,1PP,1PP,,,,,STORETYPE-FSDT   STATE-QLD   TIERDAY-D9-TEMPHIGH   TIERLN-LN9-TEMPHIGH   BADGE-HNS   DRINKS-CANS,,,,,,,,BADGE-HNS,,,,12,11,,,Collin
9767,Miami,QLD,FSDT,D5-HIGH,LN5-HIGH,4PL,,,,3PP,,1PP,,,,,,STORETYPE-FSDT   STATE-QLD   TIERDAY-D5-HIGH   TIERLN-LN5-HIGH   BADGE-HNS   DRINKS-CANS,,,,,,,,BADGE-HNS,,,,8,9,,,Collin
9769,Cairns,QLD,FSDT,D9-TEMPHIGH,LN9-TEMPHIGH,4PL,5PP,,,3PP,,1PP,,,,,,STORETYPE-FSDT   STATE-QLD   TIERDAY-D9-TEMPHIGH   TIERLN-LN9-TEMPHIGH   BADGE-HNS   KWENCH   DRINKS-CANS,,,,,,,,BADGE-HNS,,KWENCH,,9,13,Cairns,,Collin
9770,Indooroopilly,QLD,FSDT,D4-MIDHIGH,LN4-MIDHIGH,4PL,,,,3PP,,,,,,,,STORETYPE-FSDT   STATE-QLD   TIERDAY-D4-MIDHIGH   TIERLN-LN4-MIDHIGH   BADGE-HNS   DRINKS-CANS,,,,,,,,BADGE-HNS,,,,7,12,,,Collin
9771,Mackay,QLD,FSDT,D9-TEMPHIGH,LN9-TEMPHIGH,4PL,,,,3PP,3PP,1PP,1PP,,,,,STORETYPE-FSDT   STATE-QLD   TIERDAY-D9-TEMPHIGH   TIERLN-LN9-TEMPHIGH   BADGE-HNS   DRINKS-CANS,,,,,,,,BADGE-HNS,,,,12,13,,,Collin
9772,Springwood,QLD,FSDT,D3-MID,LN3-MID,4PL,,,,3PP,,1PP,,,,,,STORETYPE-FSDT   STATE-QLD   TIERDAY-D3-MID   TIERLN-LN3-MID   BADGE-HNS   DRINKS-CANS,,,,,,,,BADGE-HNS,,,,8,10,,,Collin
9773,Mt Isa,QLD,FSDT,D7-REMOTE,LN7-REMOTE,4PL,,,,3PP,,1PP,,,,,,STORETYPE-FSDT   STATE-QLD   TIERDAY-D7-REMOTE   TIERLN-LN7-REMOTE   DRINKS-CANS,,,,,,,,,,,,8,8,North QLD,,Collin
9774,Garbutt,QLD,FSDT,D9-TEMPHIGH,LN9-TEMPHIGH,4PL,,,,3PP,,1PP,,,,,,STORETYPE-FSDT   STATE-QLD   TIERDAY-D9-TEMPHIGH   TIERLN-LN9-TEMPHIGH   BADGE-HNS   DRINKS-CANS,,,,,,,,BADGE-HNS,,,,8,8,North QLD,,Collin
9775,Wynnum,QLD,FSDT,D4-MIDHIGH,LN4-MIDHIGH,4PL,,,,3PP,,1PP,,,,,,STORETYPE-FSDT   STATE-QLD   TIERDAY-D4-MIDHIGH   TIERLN-LN4-MIDHIGH   BADGE-HNS   DRINKS-CANS,,,,,,,,BADGE-HNS,,,,8,7,,,Collin
9776,Gladstone,QLD,FSDT,D9-TEMPHIGH,LN9-TEMPHIGH,4PL,,,,3PP,,1PP,,,,,,STORETYPE-FSDT   STATE-QLD   TIERDAY-D9-TEMPHIGH   TIERLN-LN9-TEMPHIGH   BADGE-HNS   DRINKS-CANS,,,,,,,,BADGE-HNS,,,,8,7,,,Collin
9777,Maryborough QLD,QLD,FSDT,D9-TEMPHIGH,LN9-TEMPHIGH,4PL,,,,3PP,,1PP,,,,,,STORETYPE-FSDT   STATE-QLD   TIERDAY-D9-TEMPHIGH   TIERLN-LN9-TEMPHIGH   BADGE-HNS   DRINKS-CANS,,,,,,,,BADGE-HNS,,,,8,7,,,Collin
9778,Maroochydore,QLD,FSDT,D5-HIGH,LN5-HIGH,4PL,,,,3PP,,,,,,,,STORETYPE-FSDT   STATE-QLD   TIERDAY-D5-HIGH   TIERLN-LN5-HIGH   BADGE-HNS   DRINKS-CANS,,,,,,,,BADGE-HNS,,,,7,7,,,Collin
9779,Gympie,QLD,FSDT,D9-TEMPHIGH,LN9-TEMPHIGH,4PL,,,,3PP,,,,,,,,STORETYPE-FSDT   STATE-QLD   TIERDAY-D9-TEMPHIGH   TIERLN-LN9-TEMPHIGH   BADGE-HNS   DRINKS-CANS,,,,,,,,BADGE-HNS,,,,7,7,,,Collin
9780,Biloela,QLD,FSDT,D9-TEMPHIGH,LN9-TEMPHIGH,4PL,,,,3PP,,1PP,,,,,,STORETYPE-FSDT   STATE-QLD   TIERDAY-D9-TEMPHIGH   TIERLN-LN9-TEMPHIGH   DRINKS-CANS,,,,,,,,,,,,8,9,,,Collin
9781,Roma,QLD,FSDT,D7-REMOTE,LN7-REMOTE,5PP,,1PP,,3PP,,1PP,,,,,,STORETYPE-FSDT   STATE-QLD   TIERDAY-D7-REMOTE   TIERLN-LN7-REMOTE   BADGE-HNS   DRINKS-CANS,,,,,,,,BADGE-HNS,,,,10,9,,,Collin
9782,Innisfail,QLD,FSDT,D9-TEMPHIGH,LN9-TEMPHIGH,5PP,,,,3PP,3PP,,,,,,,STORETYPE-FSDT   STATE-QLD   TIERDAY-D9-TEMPHIGH   TIERLN-LN9-TEMPHIGH   BADGE-HNS   DRINKS-CANS,,,,,,,,BADGE-HNS,,,,11,#N/A,Cairns,,Collin
9783,Strathpine,QLD,FSDT,D4-MIDHIGH,LN4-MIDHIGH,4PL,,,,3PP,,1PP,,,,,,STORETYPE-FSDT   STATE-QLD   TIERDAY-D4-MIDHIGH   TIERLN-LN4-MIDHIGH   BADGE-HNS   DRINKS-CANS,,,,,,,,BADGE-HNS,,,,8,8,,,Collin
9785,Everton Park,QLD,FSDT,D4-MIDHIGH,LN4-MIDHIGH,4PL,,,,3PP,,1PP,,,,,,STORETYPE-FSDT   STATE-QLD   TIERDAY-D4-MIDHIGH   TIERLN-LN4-MIDHIGH   BADGE-HNS   DRINKS-CANS,,,,,,,,BADGE-HNS,,,,8,8,,,Collin
9787,Wilsonton,QLD,FSDT,D5-HIGH,LN5-HIGH,4PL,,,,3PP,3PP,1PP,1PP,,,,,STORETYPE-FSDT   STATE-QLD   TIERDAY-D5-HIGH   TIERLN-LN5-HIGH   BADGE-HNS   DRINKS-CANS,,,,,,,,BADGE-HNS,,,,12,10,,,Collin
9788,Ayr,QLD,FSDT,D9-TEMPHIGH,LN9-TEMPHIGH,5PP,,,,3PP,,1PP,,,,,,STORETYPE-FSDT   STATE-QLD   TIERDAY-D9-TEMPHIGH   TIERLN-LN9-TEMPHIGH   BADGE-HNS   DRINKS-CANS,,,,,,,,BADGE-HNS,,,,9,9,North QLD,,Collin
9789,Acacia Ridge,QLD,FSDT,D4-MIDHIGH,LN4-MIDHIGH,4PL,,,,3PP,3PP,1PP,1PP,,,,,STORETYPE-FSDT   STATE-QLD   TIERDAY-D4-MIDHIGH   TIERLN-LN4-MIDHIGH   BADGE-HNS   DRINKS-CANS,,,,,,,,BADGE-HNS,,,,12,12,,,Collin
9790,Dalby,QLD,FSDT,D7-REMOTE,LN7-REMOTE,4PL,,,,3PP,,1PP,,,,,,STORETYPE-FSDT   STATE-QLD   TIERDAY-D7-REMOTE   TIERLN-LN7-REMOTE   BADGE-HNS   DRINKS-CANS,,,,,,,,BADGE-HNS,,,,8,8,,,Collin
9792,Caloundra,QLD,FSDT,D5-HIGH,LN5-HIGH,4PL,,,,3PP,,,,,,,,STORETYPE-FSDT   STATE-QLD   TIERDAY-D5-HIGH   TIERLN-LN5-HIGH   BADGE-HNS   DRINKS-CANS,,,,,,,,BADGE-HNS,,,,7,7,,,Collin
9793,Deagon,QLD,FSDT,D4-MIDHIGH,LN4-MIDHIGH,4PL,,,,3PP,,1PP,,,,,,STORETYPE-FSDT   STATE-QLD   TIERDAY-D4-MIDHIGH   TIERLN-LN4-MIDHIGH   BADGE-HNS   DRINKS-CANS,,,,,,,,BADGE-HNS,,,,8,8,,,Collin
9797,Nambour,QLD,FSDT,D5-HIGH,LN5-HIGH,4PL,,,,3PP,,1PP,,,,,,STORETYPE-FSDT   STATE-QLD   TIERDAY-D5-HIGH   TIERLN-LN5-HIGH   BADGE-HNS   DRINKS-CANS,,,,,,,,BADGE-HNS,,,,8,8,,,Collin
9798,Mt Pleasant,QLD,FSDT,D9-TEMPHIGH,LN9-TEMPHIGH,4PL,,,,3PP,,1PP,,,,,,STORETYPE-FSDT   STATE-QLD   TIERDAY-D9-TEMPHIGH   TIERLN-LN9-TEMPHIGH   BADGE-HNS   DRINKS-CANS,,,,,,,,BADGE-HNS,,,,8,8,,,Collin
9799,Woodridge,QLD,FSDT,D4-MIDHIGH,LN4-MIDHIGH,4PL,,,,3PP,3PP,1PP,,,,,,STORETYPE-FSDT   STATE-QLD   TIERDAY-D4-MIDHIGH   TIERLN-LN4-MIDHIGH   BADGE-HNS   DRINKS-CANS,,,,,,,,BADGE-HNS,,,,11,11,,,Collin
9800,Cranbrook,QLD,FSDT,D9-TEMPHIGH,LN9-TEMPHIGH,4PL,,,,3PP,,,,,,,,STORETYPE-FSDT   STATE-QLD   TIERDAY-D9-TEMPHIGH   TIERLN-LN9-TEMPHIGH   BADGE-HNS   DRINKS-CANS,,,,,,,,BADGE-HNS,,,,7,7,North QLD,,Collin
9801,Rockhampton South,QLD,FSDT,D9-TEMPHIGH,LN9-TEMPHIGH,4PL,,,,3PP,,1PP,,,,,,STORETYPE-FSDT   STATE-QLD   TIERDAY-D9-TEMPHIGH   TIERLN-LN9-TEMPHIGH   BADGE-HNS   DRINKS-CANS,,,,,,,,BADGE-HNS,,,,8,8,,,Collin
9802,Rockhampton North,QLD,FSDT,D9-TEMPHIGH,LN9-TEMPHIGH,4PL,,,,3PP,3PP,1PP,,,,,,STORETYPE-FSDT   STATE-QLD   TIERDAY-D9-TEMPHIGH   TIERLN-LN9-TEMPHIGH   BADGE-HNS   DRINKS-CANS,,,,,,,,BADGE-HNS,,,,11,11,,,Collin
9803,Redbank,QLD,FSDT,D4-MIDHIGH,LN4-MIDHIGH,4PL,,,,3PP,,1PP,,,,,,STORETYPE-FSDT   STATE-QLD   TIERDAY-D4-MIDHIGH   TIERLN-LN4-MIDHIGH   BADGE-HNS   DRINKS-CANS,,,,,,,,BADGE-HNS,,,,8,8,,,Collin
9804,Annerley,QLD,FSDT,D4-MIDHIGH,LN4-MIDHIGH,4PL,,,,3PP,3PP,1PP,1PP,,,,,STORETYPE-FSDT   STATE-QLD   TIERDAY-D4-MIDHIGH   TIERLN-LN4-MIDHIGH   BADGE-HNS   DRINKS-CANS,,,,,,,,BADGE-HNS,,,,12,11,,,Collin
9805,Caboolture,QLD,FSDT,D4-MIDHIGH,LN4-MIDHIGH,4PL,,,,3PP,,1PP,,,,,,STORETYPE-FSDT   STATE-QLD   TIERDAY-D4-MIDHIGH   TIERLN-LN4-MIDHIGH   BADGE-HNS   DRINKS-CANS,,,,,,,,BADGE-HNS,,,,8,8,,,Collin
9807,Runaway Bay,QLD,FSDT,D5-HIGH,LN5-HIGH,4PL,,,,3PP,,1PP,,,,,,STORETYPE-FSDT   STATE-QLD   TIERDAY-D5-HIGH   TIERLN-LN5-HIGH   BADGE-HNS   DRINKS-CANS,,,,,,,,BADGE-HNS,,,,8,8,,,Collin
9808,Toowoomba South,QLD,FSDT,D5-HIGH,LN5-HIGH,4PP,,,,3PP,,1PP,,,,,,STORETYPE-FSDT   STATE-QLD   TIERDAY-D5-HIGH   TIERLN-LN5-HIGH   BADGE-HNS   DRINKS-CANS,,,,,,,,BADGE-HNS,,,,8,12,,,Collin
9809,Ingham,QLD,INL,D9-TEMPHIGH,LN9-TEMPHIGH,4PL,,,,,,,,,,,,STORETYPE-INL   STATE-QLD   TIERDAY-D9-TEMPHIGH   TIERLN-LN9-TEMPHIGH   FREEZE-PXM   DRINKS-CANS,,,,FREEZE-PXM,,,,,,,,4,4,North QLD,,Collin
9810,Sunnybank,QLD,FSDT,D4-MIDHIGH,LN4-MIDHIGH,4PL,,,,3PP,,1PP,,,,,,STORETYPE-FSDT   STATE-QLD   TIERDAY-D4-MIDHIGH   TIERLN-LN4-MIDHIGH   BADGE-HNS   DRINKS-CANS,,,,,,,,BADGE-HNS,,,,8,8,,,Collin
9811,Logan Hyperdome,QLD,MCP,D1-LOW,LN1-LOW,4PL,,,,,,,,,,,,STORETYPE-MCP   STATE-QLD   TIERDAY-D1-LOW   TIERLN-LN1-LOW   DRINKS-CUPS   CATEGORY-MALL,,STORETYPE-MALL,DRINKS-CUPS,,,,,,,,,4,4,,,Collin
9813,The Pines,QLD,FSDT,D5-HIGH,LN5-HIGH,4PL,,,,3PP,,1PP,,,,,,STORETYPE-FSDT   STATE-QLD   TIERDAY-D5-HIGH   TIERLN-LN5-HIGH   BADGE-HNS   DRINKS-CANS,,,,,,,,BADGE-HNS,,,,8,8,,,Collin
9814,Marsden,QLD,FSDT,D4-MIDHIGH,LN4-MIDHIGH,4PL,,,,3PP,3PP,1PP,,,,,,STORETYPE-FSDT   STATE-QLD   TIERDAY-D4-MIDHIGH   TIERLN-LN4-MIDHIGH   BADGE-HNS   DRINKS-CANS,,,,,,,,BADGE-HNS,,,,11,11,,,Collin
9815,Indooroopilly Food Court,QLD,MCP,D1-LOW,LN1-LOW,4PL,,,,,,,,,,,,STORETYPE-MCP   STATE-QLD   TIERDAY-D1-LOW   TIERLN-LN1-LOW   FREEZE-PXM   DRINKS-CUPS   CATEGORY-MALL,,STORETYPE-MALL,DRINKS-CUPS,FREEZE-PXM,,,,,,,,4,4,,,Collin
9816,Earlville,QLD,FSDT,D9-TEMPHIGH,LN9-TEMPHIGH,5PP,,,,3PP,,1PP,,,,,,STORETYPE-FSDT   STATE-QLD   TIERDAY-D9-TEMPHIGH   TIERLN-LN9-TEMPHIGH   BADGE-HNS   KWENCH   DRINKS-CANS,,,,,,,,BADGE-HNS,,KWENCH,,9,9,Cairns,,Collin
9817,Grovely,QLD,FSDT,D3-MID,LN3-MID,4PL,,,,3PP,,1PP,,,,,,STORETYPE-FSDT   STATE-QLD   TIERDAY-D3-MID   TIERLN-LN3-MID   BADGE-HNS   DRINKS-CANS,,,,,,,,BADGE-HNS,,,,8,8,,,Collin
9819,Nerang,QLD,FSDT,D5-HIGH,LN5-HIGH,4PL,,,,3PP,,1PP,,,,,,STORETYPE-FSDT   STATE-QLD   TIERDAY-D5-HIGH   TIERLN-LN5-HIGH   BADGE-HNS   DRINKS-CANS,,,,,,,,BADGE-HNS,,,,8,8,,,Collin
9820,Centenary,QLD,FSDT,D4-MIDHIGH,LN4-MIDHIGH,4PL,,,,3PP,,1PP,,,,,,STORETYPE-FSDT   STATE-QLD   TIERDAY-D4-MIDHIGH   TIERLN-LN4-MIDHIGH   BADGE-HNS   DRINKS-CANS,,,,,,,,BADGE-HNS,,,,8,8,,,Collin
9821,Brassall,QLD,FSDT,D4-MIDHIGH,LN4-MIDHIGH,4PL,,,,3PP,,1PP,,,,,,STORETYPE-FSDT   STATE-QLD   TIERDAY-D4-MIDHIGH   TIERLN-LN4-MIDHIGH   BADGE-HNS   DRINKS-CANS,,,,,,,,BADGE-HNS,,,,8,8,,,Collin
9822,Cleveland,QLD,FSDT,D4-MIDHIGH,LN4-MIDHIGH,4PL,,,,3PP,,1PP,,,,,,STORETYPE-FSDT   STATE-QLD   TIERDAY-D4-MIDHIGH   TIERLN-LN4-MIDHIGH   BADGE-HNS   DRINKS-CANS,,,,,,,,BADGE-HNS,,,,8,7,,,Collin
9824,Kallangur,QLD,FSDT,D4-MIDHIGH,LN4-MIDHIGH,3PL,,,,3PP,,1PP,,,,,,STORETYPE-FSDT   STATE-QLD   TIERDAY-D4-MIDHIGH   TIERLN-LN4-MIDHIGH   BADGE-HNS   DRINKS-CANS,,,,,,,,BADGE-HNS,,,,7,7,,,Collin
9827,Australia Fair,QLD,MCP,D2-MIDLOW,LN2-MIDLOW,4PL,,,,,,,,,,,,STORETYPE-MCP   STATE-QLD   TIERDAY-D2-MIDLOW   TIERLN-LN2-MIDLOW   FREEZE-PXM   DRINKS-CUPS   CATEGORY-MALL,,STORETYPE-MALL,DRINKS-CUPS,FREEZE-PXM,,,,,,,,4,4,,,Collin
9828,Benowa,QLD,FSDT,D5-HIGH,LN5-HIGH,3PL,,,,3PP,,1PP,,,,,,STORETYPE-FSDT   STATE-QLD   TIERDAY-D5-HIGH   TIERLN-LN5-HIGH   BADGE-HNS   DRINKS-CANS,,,,,,,,BADGE-HNS,,,,7,6,,,Collin
9829,Pacific Fair,QLD,MCP,D2-MIDLOW,LN2-MIDLOW,4PL,,,,,,,,,,,,STORETYPE-MCP   STATE-QLD   TIERDAY-D2-MIDLOW   TIERLN-LN2-MIDLOW   DRINKS-CUPS   CATEGORY-MALL,,STORETYPE-MALL,DRINKS-CUPS,,,,,,,,,4,4,,,Collin
9830,Mareeba,QLD,INL,D9-TEMPHIGH,LN9-TEMPHIGH,4PL,,,,,,,,,,,,STORETYPE-INL   STATE-QLD   TIERDAY-D9-TEMPHIGH   TIERLN-LN9-TEMPHIGH   FREEZE-PXM   BADGE-HNS   DRINKS-CANS,,,,FREEZE-PXM,,,,BADGE-HNS,,,,4,4,Cairns,,Collin
9831,Emerald,QLD,FSDT,D7-REMOTE,LN7-REMOTE,4PL,,,,3PP,,,,,,,,STORETYPE-FSDT   STATE-QLD   TIERDAY-D7-REMOTE   TIERLN-LN7-REMOTE   BADGE-HNS   DRINKS-CANS,,,,,,,,BADGE-HNS,,,,7,7,,,Collin
9833,Deception Bay,QLD,FSDT,D3-MID,LN3-MID,4PL,,,,3PP,,1PP,,,,,,STORETYPE-FSDT   STATE-QLD   TIERDAY-D3-MID   TIERLN-LN3-MID   BADGE-HNS   DRINKS-CANS,,,,,,,,BADGE-HNS,,,,8,8,,,Collin
9835,Kingaroy,QLD,FSDT,D5-HIGH,LN5-HIGH,4PL,,,,3PP,,,,,,,,STORETYPE-FSDT   STATE-QLD   TIERDAY-D5-HIGH   TIERLN-LN5-HIGH   BADGE-HNS   DRINKS-CANS,,,,,,,,BADGE-HNS,,,,7,7,,,Collin
9838,Helensvale,QLD,FSDT,D5-HIGH,LN5-HIGH,4PL,,,,3PP,3PP,1PP,1PP,,,,,STORETYPE-FSDT   STATE-QLD   TIERDAY-D5-HIGH   TIERLN-LN5-HIGH   BADGE-HNS   DRINKS-CANS,,,,,,,,BADGE-HNS,,,,12,12,,,Collin
9840,Browns Plains,QLD,FSDT,D4-MIDHIGH,LN4-MIDHIGH,4PL,,,,3PP,3PP,1PP,,,,,,STORETYPE-FSDT   STATE-QLD   TIERDAY-D4-MIDHIGH   TIERLN-LN4-MIDHIGH   BADGE-HNS   DRINKS-CANS,,,,,,,,BADGE-HNS,,,,11,11,,,Collin
9841,Smithfield,QLD,FSDT,D9-TEMPHIGH,LN9-TEMPHIGH,4PL,,,,3PP,,1PP,,,,,,STORETYPE-FSDT   STATE-QLD   TIERDAY-D9-TEMPHIGH   TIERLN-LN9-TEMPHIGH   BADGE-HNS   KWENCH   DRINKS-CANS,,,,,,,,BADGE-HNS,,KWENCH,,8,8,Cairns,,Collin
9842,Earlville Food Court,QLD,MCN,D9-TEMPHIGH,LN9-TEMPHIGH,4PL,,,,,,,,,,,,STORETYPE-MCN   STATE-QLD   TIERDAY-D9-TEMPHIGH   TIERLN-LN9-TEMPHIGH   DRINKS-CANS   CATEGORY-MALL,,STORETYPE-MALL,,,,,,,,,,4,4,Cairns,,Collin
9843,Moranbah,QLD,FSDT,D7-REMOTE,LN7-REMOTE,4PL,,,,3PP,,1PP,,,,,,STORETYPE-FSDT   STATE-QLD   TIERDAY-D7-REMOTE   TIERLN-LN7-REMOTE   BADGE-HNS   DRINKS-CANS,,,,,,,,BADGE-HNS,,,,8,8,,,Collin
9845,Atherton,QLD,FSDT,D9-TEMPHIGH,LN9-TEMPHIGH,4PL,,,,3PP,,,,,,,,STORETYPE-FSDT   STATE-QLD   TIERDAY-D9-TEMPHIGH   TIERLN-LN9-TEMPHIGH   BADGE-HNS   DRINKS-CANS,,,,,,,,BADGE-HNS,,,,7,7,Cairns,,Collin
9846,Gatton,QLD,FSDT,D5-HIGH,LN5-HIGH,4PL,,,,3PP,,1PP,,,,,,STORETYPE-FSDT   STATE-QLD   TIERDAY-D5-HIGH   TIERLN-LN5-HIGH   BADGE-HNS   DRINKS-CANS,,,,,,,,BADGE-HNS,,,,8,8,,,Collin
9848,Tannum Sands,QLD,FSDT,D9-TEMPHIGH,LN9-TEMPHIGH,3PL,,,,3PP,,,,,,,,STORETYPE-FSDT   STATE-QLD   TIERDAY-D9-TEMPHIGH   TIERLN-LN9-TEMPHIGH   FREEZE-PXM   BADGE-HNS   DRINKS-CANS,,,,FREEZE-PXM,,,,BADGE-HNS,,,,6,6,,,Collin
9849,Garden City FC Qld,QLD,MCP,D1-LOW,LN1-LOW,4PL,,,,,,,,,,,,STORETYPE-MCP   STATE-QLD   TIERDAY-D1-LOW   TIERLN-LN1-LOW   FREEZE-PXM   BADGE-HNS   DRINKS-CUPS   CATEGORY-MALL,,STORETYPE-MALL,DRINKS-CUPS,FREEZE-PXM,,,,BADGE-HNS,,,,4,4,,,Collin
9851,Strathpine Food Court,QLD,MCP,D2-MIDLOW,LN2-MIDLOW,4PL,,,,,,,,,,,,STORETYPE-MCP   STATE-QLD   TIERDAY-D2-MIDLOW   TIERLN-LN2-MIDLOW   FREEZE-PXM   DRINKS-CUPS   CATEGORY-MALL,,STORETYPE-MALL,DRINKS-CUPS,FREEZE-PXM,,,,,,,,4,4,,,Collin
9852,Carindale Food Court,QLD,MCP,D1-LOW,LN1-LOW,3PL,,,,,,,,,,,,STORETYPE-MCP   STATE-QLD   TIERDAY-D1-LOW   TIERLN-LN1-LOW   FREEZE-PXM   DRINKS-CUPS,,,DRINKS-CUPS,FREEZE-PXM,,,,,,,,3,3,,,Collin
9853,Albany Creek,QLD,FSDT,D4-MIDHIGH,LN4-MIDHIGH,4PL,,,,3PP,,1PP,,,,,,STORETYPE-FSDT   STATE-QLD   TIERDAY-D4-MIDHIGH   TIERLN-LN4-MIDHIGH   BADGE-HNS   DRINKS-CANS,,,,,,,,BADGE-HNS,,,,8,8,,,Collin
9854,Carindale,QLD,FSDT,D3-MID,LN3-MID,4PL,,,,3PP,,1PP,,,,,,STORETYPE-FSDT   STATE-QLD   TIERDAY-D3-MID   TIERLN-LN3-MID   BADGE-HNS   DRINKS-CANS,,,,,,,,BADGE-HNS,,,,8,7,,,Collin
9855,Chermside Food Court,QLD,MCP,D1-LOW,LN1-LOW,4PL,,,,,,,,,,,,STORETYPE-MCP   STATE-QLD   TIERDAY-D1-LOW   TIERLN-LN1-LOW   FREEZE-PXM   BADGE-HNS   DRINKS-CUPS   CATEGORY-MALL,,STORETYPE-MALL,DRINKS-CUPS,FREEZE-PXM,,,,BADGE-HNS,,,,4,4,,,Collin
9856,Loganholme,QLD,FSDT,D4-MIDHIGH,LN4-MIDHIGH,4PL,,,,3PP,,1PP,,,,,,STORETYPE-FSDT   STATE-QLD   TIERDAY-D4-MIDHIGH   TIERLN-LN4-MIDHIGH   BADGE-HNS   DRINKS-CANS,,,,,,,,BADGE-HNS,,,,8,8,,,Collin
9857,Grand Plaza Food Court,QLD,MCP,D1-LOW,LN1-LOW,4PL,,,,,,,,,,,,STORETYPE-MCP   STATE-QLD   TIERDAY-D1-LOW   TIERLN-LN1-LOW   FREEZE-PXM   DRINKS-CUPS   CATEGORY-MALL,,STORETYPE-MALL,DRINKS-CUPS,FREEZE-PXM,,,,,,,,4,4,,,Collin
9858,Tweed Heads,NSW,FSDT,D5-HIGH,LN5-HIGH,4PL,,,,3PP,,1PP,,,,,,STORETYPE-FSDT   STATE-NSW   TIERDAY-D5-HIGH   TIERLN-LN5-HIGH   BADGE-HNS   DRINKS-CANS,,,,,,,,BADGE-HNS,,,,8,7,,,Collin2
9859,Annandale,QLD,FSDT,D9-TEMPHIGH,LN9-TEMPHIGH,4PL,,,,3PP,,1PP,,,,,,STORETYPE-FSDT   STATE-QLD   TIERDAY-D9-TEMPHIGH   TIERLN-LN9-TEMPHIGH   BADGE-HNS   DRINKS-CANS,,,,,,,,BADGE-HNS,,,,8,8,North QLD,,Collin
9860,BP Caboolture North,QLD,MCN,D2-MIDLOW,LN2-MIDLOW,4PL,,1PL,,,,,,,,,,STORETYPE-MCN   STATE-QLD   TIERDAY-D2-MIDLOW   TIERLN-LN2-MIDLOW   BADGE-HNS   DRINKS-CANS   CATEGORY-MALL,,STORETYPE-MALL,,,,,,BADGE-HNS,,,,5,5,,,Collin
9861,Nathan Plaza,QLD,MCN,D9-TEMPHIGH,LN9-TEMPHIGH,4PL,,,,,,,,,,,,STORETYPE-MCN   STATE-QLD   TIERDAY-D9-TEMPHIGH   TIERLN-LN9-TEMPHIGH   DRINKS-CANS   CATEGORY-MALL,,STORETYPE-MALL,,,,,,,,,,4,4,North QLD,,Collin
9862,Kawana Food Court,QLD,MCP,D2-MIDLOW,LN2-MIDLOW,4PL,,,,,,,,,,,,STORETYPE-MCP   STATE-QLD   TIERDAY-D2-MIDLOW   TIERLN-LN2-MIDLOW   DRINKS-CUPS   CATEGORY-MALL,,STORETYPE-MALL,DRINKS-CUPS,,,,,,,,,4,4,,,Collin
9863,BP Caboolture South,QLD,MFSDT,D2-MIDLOW,LN2-MIDLOW,4PL,,1PL,,,,,,,,,,STORETYPE-MFSDT   STATE-QLD   TIERDAY-D2-MIDLOW   TIERLN-LN2-MIDLOW   FREEZE-PXM   DRINKS-CANS,,,,FREEZE-PXM,,,,,,,,5,5,,,Collin
9864,MacArthur Central Food Court,QLD,MCP,D2-MIDLOW,LN2-MIDLOW,4PL,,,,,,,,,,,,STORETYPE-MCP   STATE-QLD   TIERDAY-D2-MIDLOW   TIERLN-LN2-MIDLOW   FREEZE-PXM   DRINKS-CUPS   CATEGORY-MALL,,STORETYPE-MALL,DRINKS-CUPS,FREEZE-PXM,,,,,,,,4,4,,,Collin
9866,Inala,QLD,FSDT,D3-MID,LN3-MID,4PL,,,,3PP,,1PP,,,,,,STORETYPE-FSDT   STATE-QLD   TIERDAY-D3-MID   TIERLN-LN3-MID   BADGE-HNS   DRINKS-CANS,,,,,,,,BADGE-HNS,,,,8,8,,,Collin
9867,Grand Central,QLD,MCP,D2-MIDLOW,LN2-MIDLOW,4PL,,,,,,,,,,,,STORETYPE-MCP   STATE-QLD   TIERDAY-D2-MIDLOW   TIERLN-LN2-MIDLOW   DRINKS-CUPS   CATEGORY-MALL,,STORETYPE-MALL,DRINKS-CUPS,,,,,,,,,4,4,,,Collin
9868,Hermit Park,QLD,FSDT,D9-TEMPHIGH,LN9-TEMPHIGH,4PL,,,,3PP,,1PP,,,,,,STORETYPE-FSDT   STATE-QLD   TIERDAY-D9-TEMPHIGH   TIERLN-LN9-TEMPHIGH   BADGE-HNS   DRINKS-CANS,,,,,,,,BADGE-HNS,,,,8,8,North QLD,,Collin
9869,Springfield Food Court,QLD,MCN,D2-MIDLOW,LN2-MIDLOW,4PL,,,,,,,,,,,,STORETYPE-MCN   STATE-QLD   TIERDAY-D2-MIDLOW   TIERLN-LN2-MIDLOW   FREEZE-PXM   DRINKS-CANS   CATEGORY-MALL,,STORETYPE-MALL,,FREEZE-PXM,,,,,,,,4,4,,,Collin
9870,Riverlink Food Court,QLD,MCN,D2-MIDLOW,LN2-MIDLOW,4PL,,,,,,,,,,,,STORETYPE-MCN   STATE-QLD   TIERDAY-D2-MIDLOW   TIERLN-LN2-MIDLOW   FREEZE-PXM   DRINKS-CANS   CATEGORY-MALL,,STORETYPE-MALL,,FREEZE-PXM,,,,,,,,4,4,,,Collin
9871,North Lakes Food Court,QLD,MCN,D2-MIDLOW,LN2-MIDLOW,4PL,,,,,,,,,,,,STORETYPE-MCN   STATE-QLD   TIERDAY-D2-MIDLOW   TIERLN-LN2-MIDLOW   DRINKS-CANS   CATEGORY-MALL,,STORETYPE-MALL,,,,,,,,,,4,4,,,Collin
9872,Hervey Bay,QLD,FSDT,D9-TEMPHIGH,LN9-TEMPHIGH,4PL,,,,3PP,,,,,,,,STORETYPE-FSDT   STATE-QLD   TIERDAY-D9-TEMPHIGH   TIERLN-LN9-TEMPHIGH   BADGE-HNS   DRINKS-CANS,,,,,,,,BADGE-HNS,,,,7,7,,,Collin
9874,Capalaba Central Food Court,QLD,MCN,D1-LOW,LN1-LOW,4PL,,,,,,,,,,,,STORETYPE-MCN   STATE-QLD   TIERDAY-D1-LOW   TIERLN-LN1-LOW   FREEZE-PXM   DRINKS-CANS   CATEGORY-MALL,,STORETYPE-MALL,,FREEZE-PXM,,,,,,,,4,#N/A,,,Collin
9875,Woodlands,QLD,FSDT,D9-TEMPHIGH,LN9-TEMPHIGH,4PL,,,,3PP,,1PP,,,,,,STORETYPE-FSDT   STATE-QLD   TIERDAY-D9-TEMPHIGH   TIERLN-LN9-TEMPHIGH   BADGE-HNS   DRINKS-CANS,,,,,,,,BADGE-HNS,,,,8,12,North QLD,,Collin
9876,Plainland,QLD,FSDT,D5-HIGH,LN5-HIGH,4PL,,,,3PP,,1PP,,,,,,STORETYPE-FSDT   STATE-QLD   TIERDAY-D5-HIGH   TIERLN-LN5-HIGH   BADGE-HNS   DRINKS-CANS,,,,,,,,BADGE-HNS,,,,8,8,,,Collin
9877,Valley Metro,QLD,MCN,D1-LOW,LN1-LOW,5PP,,,,,,,,,,,,STORETYPE-MCN   STATE-QLD   TIERDAY-D1-LOW   TIERLN-LN1-LOW   DRINKS-CANS   CATEGORY-MALL,,STORETYPE-MALL,,,,,,,,,,5,5,,,Collin
9878,Mackay Food Court,QLD,MCN,D9-TEMPHIGH,LN9-TEMPHIGH,4PL,,,,,,,,,,,,STORETYPE-MCN   STATE-QLD   TIERDAY-D9-TEMPHIGH   TIERLN-LN9-TEMPHIGH   DRINKS-CANS   CATEGORY-MALL,,STORETYPE-MALL,,,,,,,,,,4,4,,,Collin
9879,Upper Coomera,QLD,FSDT,D5-HIGH,LN5-HIGH,4PL,,,,3PP,,1PP,,,,,,STORETYPE-FSDT   STATE-QLD   TIERDAY-D5-HIGH   TIERLN-LN5-HIGH   BADGE-HNS   DRINKS-CANS,,,,,,,,BADGE-HNS,,,,8,8,,,Collin
9880,Beaudesert,QLD,FSDT,D5-HIGH,LN5-HIGH,5PP,,,,3PP,,1PP,,,,,,STORETYPE-FSDT   STATE-QLD   TIERDAY-D5-HIGH   TIERLN-LN5-HIGH   DRINKS-CANS,,,,,,,,,,,,9,9,,,Collin
9881,Coomera Food Court,QLD,MFSDT,D2-MIDLOW,LN2-MIDLOW,5PP,,1PP,,,,,,,,,,STORETYPE-MFSDT   STATE-QLD   TIERDAY-D2-MIDLOW   TIERLN-LN2-MIDLOW   DRINKS-CANS,,,,,,,,,,,,6,6,,,Collin
9882,Chinchilla,QLD,FSDT,D7-REMOTE,LN7-REMOTE,4PL,,,,3PP,,1PP,,,,,,STORETYPE-FSDT   STATE-QLD   TIERDAY-D7-REMOTE   TIERLN-LN7-REMOTE   DRINKS-CANS,,,,,,,,,,,,8,8,,,Collin
9883,North Lakes,QLD,FSDT,D3-MID,LN3-MID,5PP,,,,3PP,,1PP,,,,,,STORETYPE-FSDT   STATE-QLD   TIERDAY-D3-MID   TIERLN-LN3-MID   BADGE-HNS   DRINKS-CANS,,,,,,,,BADGE-HNS,,,,9,14,,,Collin
9884,Wurtulla,QLD,FSDT,D5-HIGH,LN5-HIGH,4PL,,,,3PP,,1PP,,,,,,STORETYPE-FSDT   STATE-QLD   TIERDAY-D5-HIGH   TIERLN-LN5-HIGH   BADGE-HNS   DRINKS-CANS,,,,,,,,BADGE-HNS,,,,8,7,,,Collin
9885,Jimboomba,QLD,FSDT,D5-HIGH,LN5-HIGH,4PL,,1PL,,3PP,,1PP,,,,,,STORETYPE-FSDT   STATE-QLD   TIERDAY-D5-HIGH   TIERLN-LN5-HIGH   BADGE-HNS   DRINKS-CANS,,,,,,,,BADGE-HNS,,,,9,9,,,Collin
9886,Cairns Central Food Court,QLD,MCN,D9-TEMPHIGH,LN9-TEMPHIGH,3PL,,,,,,,,,,,,STORETYPE-MCN   STATE-QLD   TIERDAY-D9-TEMPHIGH   TIERLN-LN9-TEMPHIGH   FREEZE-XRM   KWENCH   DRINKS-CANS,,,,FREEZE-XRM,,,,,,KWENCH,,3,3,Cairns,,Collin
9887,Helensvale Food Court,QLD,MCN,D2-MIDLOW,LN2-MIDLOW,4PL,,,,,,,,,,,,STORETYPE-MCN   STATE-QLD   TIERDAY-D2-MIDLOW   TIERLN-LN2-MIDLOW   FREEZE-PXM   DRINKS-CANS   CATEGORY-MALL,,STORETYPE-MALL,,FREEZE-PXM,,,,,,,,4,4,,,Collin
9888,Yeppoon,QLD,FSDT,D9-TEMPHIGH,LN9-TEMPHIGH,5PP,,,,3PP,,1PP,,,,,,STORETYPE-FSDT   STATE-QLD   TIERDAY-D9-TEMPHIGH   TIERLN-LN9-TEMPHIGH   BADGE-HNS   DRINKS-CANS,,,,,,,,BADGE-HNS,,,,9,9,,,Collin
9889,Hinkler Place Food Court,QLD,MCN,D9-TEMPHIGH,LN9-TEMPHIGH,4PL,,,,,,,,,,,,STORETYPE-MCN   STATE-QLD   TIERDAY-D9-TEMPHIGH   TIERLN-LN9-TEMPHIGH   FREEZE-PXM   DRINKS-CANS   CATEGORY-MALL,,STORETYPE-MALL,,FREEZE-PXM,,,,,,,,4,4,,,Collin
9890,Capalaba Park Food Court,QLD,MCN,D1-LOW,LN1-LOW,4PL,,,,,,,,,,,,STORETYPE-MCN   STATE-QLD   TIERDAY-D1-LOW   TIERLN-LN1-LOW   FREEZE-PXM   DRINKS-CANS   CATEGORY-MALL,,STORETYPE-MALL,,FREEZE-PXM,,,,,,,,4,4,,,Collin
9891,Robina Drive Thru,QLD,FSDT,D5-HIGH,LN5-HIGH,5PP,,,,3PP,3PP,1PP,1PP,,,,,STORETYPE-FSDT   STATE-QLD   TIERDAY-D5-HIGH   TIERLN-LN5-HIGH   BADGE-HNS   DRINKS-CANS,,,,,,,,BADGE-HNS,,,,13,13,,,Collin
9892,Tweed City Food Court,NSW,MCN,D3-MID,LN3-MID,4PL,,,,,,,,,,,,STORETYPE-MCN   STATE-NSW   TIERDAY-D3-MID   TIERLN-LN3-MID   DRINKS-CANS   CATEGORY-MALL,,STORETYPE-MALL,,,,,,,,,,4,4,,,Collin2
9893,Beenleigh,QLD,FSDT,D3-MID,LN3-MID,4PL,,,,3PP,,1PP,,,,,,STORETYPE-FSDT   STATE-QLD   TIERDAY-D3-MID   TIERLN-LN3-MID   BADGE-HNS   DRINKS-CANS,,,,,,,,BADGE-HNS,,,,8,7,,,Collin
9894,Capalaba,QLD,FSDT,D4-MIDHIGH,LN4-MIDHIGH,4PL,,,,3PP,,1PP,,,,,,STORETYPE-FSDT   STATE-QLD   TIERDAY-D4-MIDHIGH   TIERLN-LN4-MIDHIGH   BADGE-HNS   DRINKS-CANS,,,,,,,,BADGE-HNS,,,,8,8,,,Collin
9895,Robina Food Court,QLD,MCN,D2-MIDLOW,LN2-MIDLOW,4PL,,,,,,,,,,,,STORETYPE-MCN   STATE-QLD   TIERDAY-D2-MIDLOW   TIERLN-LN2-MIDLOW   DRINKS-CANS   CATEGORY-MALL,,STORETYPE-MALL,,,,,,,,,,4,4,,,Collin
9896,Surfers Paradise,QLD,INL,D2-MIDLOW,LN2-MIDLOW,4PL,,,,,,,,,,,,STORETYPE-INL   STATE-QLD   TIERDAY-D2-MIDLOW   TIERLN-LN2-MIDLOW   BADGE-HNS   DRINKS-CANS,,,,,,,,BADGE-HNS,,,,4,4,,,Collin
9897,Rockhampton Food Court,QLD,MCN,D9-TEMPHIGH,LN9-TEMPHIGH,4PL,,,,,,,,,,,,STORETYPE-MCN   STATE-QLD   TIERDAY-D9-TEMPHIGH   TIERLN-LN9-TEMPHIGH   FREEZE-XRM   DRINKS-CANS   CATEGORY-MALL,,STORETYPE-MALL,,FREEZE-XRM,,,,,,,,4,4,,,Collin
9898,Warwick,QLD,FSDT,D5-HIGH,LN5-HIGH,4PL,,,,3PP,,1PP,,,,,,STORETYPE-FSDT   STATE-QLD   TIERDAY-D5-HIGH   TIERLN-LN5-HIGH   BADGE-HNS   DRINKS-CANS,,,,,,,,BADGE-HNS,,,,8,8,,,Collin
9899,Springfield,QLD,FSDT,D4-MIDHIGH,LN4-MIDHIGH,4PL,,,,3PP,3PP,,,,,,,STORETYPE-FSDT   STATE-QLD   TIERDAY-D4-MIDHIGH   TIERLN-LN4-MIDHIGH   BADGE-HNS   DRINKS-CANS,,,,,,,,BADGE-HNS,,,,10,10,,,Collin
9901,Albany,WA,FSDT,D7-REMOTE,LN7-REMOTE,4PL,,,,3PP,,1PP,,,,,,STORETYPE-FSDT   STATE-WA   TIERDAY-D7-REMOTE   TIERLN-LN7-REMOTE   BADGE-HNS   EXPOCD-LANE1   DRINKS-CANS,,,,,,,,BADGE-HNS,,,EXPOCD-LANE1,8,11,,,Collin2
9903,Bagot Road,NT,FSDT,D7-REMOTE,LN7-REMOTE,5PP,,,,3PP,,1PP,,,,,,STORETYPE-FSDT   STATE-NT   TIERDAY-D7-REMOTE   TIERLN-LN7-REMOTE   BADGE-HNS   DRINKS-CANS,,,,,,,,BADGE-HNS,,,,9,9,,,Collin2
9905,Beechboro,WA,FSDT,D4-MIDHIGH,LN4-MIDHIGH,4PL,,,,3PP,,1PP,,,,,,STORETYPE-FSDT   STATE-WA   TIERDAY-D4-MIDHIGH   TIERLN-LN4-MIDHIGH   BADGE-HNS   EXPOCD-LANE1   DRINKS-CANS,,,,,,,,BADGE-HNS,,,EXPOCD-LANE1,8,8,,,
9906,Beldon,WA,FSDT,D4-MIDHIGH,LN4-MIDHIGH,4PL,,,,3PP,,1PP,,,,,,STORETYPE-FSDT   STATE-WA   TIERDAY-D4-MIDHIGH   TIERLN-LN4-MIDHIGH   BADGE-HNS   EXPOCD-LANE1   DRINKS-CANS,,,,,,,,BADGE-HNS,,,EXPOCD-LANE1,8,8,,,Collin2
9908,Belmont Forum,WA,FSDT,D4-MIDHIGH,LN4-MIDHIGH,4PL,,,,3PP,,,,,,,,STORETYPE-FSDT   STATE-WA   TIERDAY-D4-MIDHIGH   TIERLN-LN4-MIDHIGH   BADGE-HNS   EXPOCD-LANE1   DRINKS-CANS,,,,,,,,BADGE-HNS,,,EXPOCD-LANE1,7,7,,,Collin2
9910,Bunbury Forum,WA,FSDT,D7-REMOTE,LN7-REMOTE,4PL,,,,3PP,3PP,1PP,1PP,,,,,STORETYPE-FSDT   STATE-WA   TIERDAY-D7-REMOTE   TIERLN-LN7-REMOTE   BADGE-HNS   EXPOCD-LANE1   EXPOCD-LANE2   DRINKS-CANS,,,,,,,,BADGE-HNS,,,"EXPOCD-LANE1,EXPOCD-LANE2",12,12,,,Collin2
9911,Busselton,WA,FSDT,D7-REMOTE,LN7-REMOTE,4PL,,,,3PP,,,,,,,,STORETYPE-FSDT   STATE-WA   TIERDAY-D7-REMOTE   TIERLN-LN7-REMOTE   BADGE-HNS   EXPOCD-LANE1   DRINKS-CANS,,,,,,,,BADGE-HNS,,,EXPOCD-LANE1,7,7,,,Collin2
9913,Casuarina,NT,FSDT,D7-REMOTE,LN7-REMOTE,4PL,,,,3PP,3PP,1PP,1PP,,,,,STORETYPE-FSDT   STATE-NT   TIERDAY-D7-REMOTE   TIERLN-LN7-REMOTE   BADGE-HNS   DRINKS-CANS,,,,,,,,BADGE-HNS,,,,12,11,,,Collin2
9914,William Street,WA,MCP,D4-MIDHIGH,LN4-MIDHIGH,5PP,,,,,,,,,,,,STORETYPE-MCP   STATE-WA   TIERDAY-D4-MIDHIGH   TIERLN-LN4-MIDHIGH   BADGE-HNS   DRINKS-CUPS   CATEGORY-MALL,,STORETYPE-MALL,DRINKS-CUPS,,,,,BADGE-HNS,,,,5,5,,,Collin2
9916,Dogswamp,WA,FSDT,D4-MIDHIGH,LN4-MIDHIGH,4PL,,,,3PP,,1PP,,,,,,STORETYPE-FSDT   STATE-WA   TIERDAY-D4-MIDHIGH   TIERLN-LN4-MIDHIGH   BADGE-HNS   EXPOCD-LANE1   DRINKS-CANS,,,,,,,,BADGE-HNS,,,EXPOCD-LANE1,8,8,,,Collin2
9918,Geraldton,WA,FSDT,D7-REMOTE,LN7-REMOTE,4PL,,,,3PP,,1PP,,,,,,STORETYPE-FSDT   STATE-WA   TIERDAY-D7-REMOTE   TIERLN-LN7-REMOTE   BADGE-HNS   EXPOCD-LANE1   DRINKS-CANS,,,,,,,,BADGE-HNS,,,EXPOCD-LANE1,8,8,,,Collin2
9920,Innaloo,WA,FSDT,D4-MIDHIGH,LN4-MIDHIGH,4PL,,,,3PP,,1PP,,,,,,STORETYPE-FSDT   STATE-WA   TIERDAY-D4-MIDHIGH   TIERLN-LN4-MIDHIGH   BADGE-HNS   EXPOCD-LANE1   DRINKS-CANS,,,,,,,,BADGE-HNS,,,EXPOCD-LANE1,8,8,,,Collin2
9921,Joondalup,WA,FSDT,D4-MIDHIGH,LN4-MIDHIGH,4PL,,,,3PP,,1PP,,,,,,STORETYPE-FSDT   STATE-WA   TIERDAY-D4-MIDHIGH   TIERLN-LN4-MIDHIGH   BADGE-HNS   EXPOCD-LANE1   DRINKS-CANS,,,,,,,,BADGE-HNS,,,EXPOCD-LANE1,8,8,,,Collin2
9922,Kalgoorlie,WA,FSDT,D7-REMOTE,LN7-REMOTE,5PP,,,,3PP,3PP,1PP,1PP,,,,,STORETYPE-FSDT   STATE-WA   TIERDAY-D7-REMOTE   TIERLN-LN7-REMOTE   BADGE-HNS   EXPOCD-LANE1   EXPOCD-LANE2   DRINKS-CANS,,,,,,,,BADGE-HNS,,,"EXPOCD-LANE1,EXPOCD-LANE2",13,12,,,Collin2
9923,Karawara,WA,FSDT,D4-MIDHIGH,LN4-MIDHIGH,4PL,,,,3PP,,1PP,,,,,,STORETYPE-FSDT   STATE-WA   TIERDAY-D4-MIDHIGH   TIERLN-LN4-MIDHIGH   BADGE-HNS   EXPOCD-LANE1   DRINKS-CANS,,,,,,,,BADGE-HNS,,,EXPOCD-LANE1,8,8,,,Collin2
9924,Kelmscott,WA,FSDT,D4-MIDHIGH,LN4-MIDHIGH,5PP,,,,3PP,3PP,1PP,1PP,,,,,STORETYPE-FSDT   STATE-WA   TIERDAY-D4-MIDHIGH   TIERLN-LN4-MIDHIGH   BADGE-HNS   EXPOCD-LANE1   EXPOCD-LANE2   DRINKS-CANS,,,,,,,,BADGE-HNS,,,"EXPOCD-LANE1,EXPOCD-LANE2",13,13,,,Collin2
9926,Mandurah,WA,FSDT,D4-MIDHIGH,LN4-MIDHIGH,4PL,,,,3PP,,,,,,,,STORETYPE-FSDT   STATE-WA   TIERDAY-D4-MIDHIGH   TIERLN-LN4-MIDHIGH   BADGE-HNS   EXPOCD-LANE1   DRINKS-CANS,,,,,,,,BADGE-HNS,,,EXPOCD-LANE1,7,7,,,Collin2
9927,Marangaroo,WA,FSDT,D4-MIDHIGH,LN4-MIDHIGH,4PL,,,,3PP,,,,,,,,STORETYPE-FSDT   STATE-WA   TIERDAY-D4-MIDHIGH   TIERLN-LN4-MIDHIGH   BADGE-HNS   EXPOCD-LANE1   DRINKS-CANS,,,,,,,,BADGE-HNS,,,EXPOCD-LANE1,7,7,,,Collin2
9928,Maylands,WA,FSDT,D4-MIDHIGH,LN4-MIDHIGH,4PL,,,,3PP,,1PP,,,,,,STORETYPE-FSDT   STATE-WA   TIERDAY-D4-MIDHIGH   TIERLN-LN4-MIDHIGH   BADGE-HNS   EXPOCD-LANE1   DRINKS-CANS,,,,,,,,BADGE-HNS,,,EXPOCD-LANE1,8,8,,,Collin2
9929,Melville,WA,FSDT,D4-MIDHIGH,LN4-MIDHIGH,4PL,,,,3PP,,1PP,,,,,,STORETYPE-FSDT   STATE-WA   TIERDAY-D4-MIDHIGH   TIERLN-LN4-MIDHIGH   BADGE-HNS   EXPOCD-LANE1   DRINKS-CANS,,,,,,,,BADGE-HNS,,,EXPOCD-LANE1,8,8,,,Collin2
9930,Midland,WA,FSDT,D4-MIDHIGH,LN4-MIDHIGH,4PL,,,,3PP,,1PP,,,,,,STORETYPE-FSDT   STATE-WA   TIERDAY-D4-MIDHIGH   TIERLN-LN4-MIDHIGH   BADGE-HNS   EXPOCD-LANE1   DRINKS-CANS,,,,,,,,BADGE-HNS,,,EXPOCD-LANE1,8,8,,,Collin2
9931,Mirrabooka,WA,FSDT,D4-MIDHIGH,LN4-MIDHIGH,4PL,,,,3PP,,1PP,,,,,,STORETYPE-FSDT   STATE-WA   TIERDAY-D4-MIDHIGH   TIERLN-LN4-MIDHIGH   BADGE-HNS   EXPOCD-LANE1   DRINKS-CANS,,,,,,,,BADGE-HNS,,,EXPOCD-LANE1,8,8,,,Collin2
9932,Morley,WA,FSDT,D4-MIDHIGH,LN4-MIDHIGH,4PL,,,,3PP,,1PP,,,,,,STORETYPE-FSDT   STATE-WA   TIERDAY-D4-MIDHIGH   TIERLN-LN4-MIDHIGH   BADGE-HNS   EXPOCD-LANE1   DRINKS-CANS,,,,,,,,BADGE-HNS,,,EXPOCD-LANE1,8,8,,,Collin2
9933,Mundaring,WA,FSDT,D4-MIDHIGH,LN4-MIDHIGH,4PL,,,,3PP,,,,,,,,STORETYPE-FSDT   STATE-WA   TIERDAY-D4-MIDHIGH   TIERLN-LN4-MIDHIGH   BADGE-HNS   EXPOCD-LANE1   DRINKS-CANS,,,,,,,,BADGE-HNS,,,EXPOCD-LANE1,7,7,,,Collin2
9935,Palmerston,NT,FSDT,D7-REMOTE,LN7-REMOTE,4PL,,,,3PP,,1PP,,,,,,STORETYPE-FSDT   STATE-NT   TIERDAY-D7-REMOTE   TIERLN-LN7-REMOTE   BADGE-HNS   DRINKS-CANS,,,,,,,,BADGE-HNS,,,,8,8,,,Collin2
9937,South Lake,WA,FSDT,D4-MIDHIGH,LN4-MIDHIGH,4PL,,,,3PP,,,,,,,,STORETYPE-FSDT   STATE-WA   TIERDAY-D4-MIDHIGH   TIERLN-LN4-MIDHIGH   BADGE-HNS   EXPOCD-LANE1   DRINKS-CANS,,,,,,,,BADGE-HNS,,,EXPOCD-LANE1,7,7,,,Collin2
9938,South Perth,WA,FSDT,D4-MIDHIGH,LN4-MIDHIGH,4PL,,,,3PP,,,,,,,,STORETYPE-FSDT   STATE-WA   TIERDAY-D4-MIDHIGH   TIERLN-LN4-MIDHIGH   BADGE-HNS   EXPOCD-LANE1   DRINKS-CANS,,,,,,,,BADGE-HNS,,,EXPOCD-LANE1,7,7,,,Collin2
9939,Spearwood,WA,FSDT,D4-MIDHIGH,LN4-MIDHIGH,4PL,,,,3PP,,1PP,,,,,,STORETYPE-FSDT   STATE-WA   TIERDAY-D4-MIDHIGH   TIERLN-LN4-MIDHIGH   BADGE-HNS   EXPOCD-LANE1   DRINKS-CANS,,,,,,,,BADGE-HNS,,,EXPOCD-LANE1,8,8,,,Collin2
9940,Subiaco,WA,FSDT,D4-MIDHIGH,LN4-MIDHIGH,4PL,,,,3PP,,,,,,,,STORETYPE-FSDT   STATE-WA   TIERDAY-D4-MIDHIGH   TIERLN-LN4-MIDHIGH   BADGE-HNS   EXPOCD-LANE1   DRINKS-CANS,,,,,,,,BADGE-HNS,,,EXPOCD-LANE1,7,7,,,Collin2
9941,Thornlie,WA,FSDT,D4-MIDHIGH,LN4-MIDHIGH,4PL,,,,3PP,,1PP,,,,,,STORETYPE-FSDT   STATE-WA   TIERDAY-D4-MIDHIGH   TIERLN-LN4-MIDHIGH   BADGE-HNS   EXPOCD-LANE1   DRINKS-CANS,,,,,,,,BADGE-HNS,,,EXPOCD-LANE1,8,8,,,
9942,Whitfords,WA,FSDT,D4-MIDHIGH,LN4-MIDHIGH,4PL,,,,3PP,,1PP,,,,,,STORETYPE-FSDT   STATE-WA   TIERDAY-D4-MIDHIGH   TIERLN-LN4-MIDHIGH   BADGE-HNS   EXPOCD-LANE1   DRINKS-CANS,,,,,,,,BADGE-HNS,,,EXPOCD-LANE1,8,11,,,
9943,Willetton,WA,FSDT,D4-MIDHIGH,LN4-MIDHIGH,5PP,,,,3PP,,1PP,,,,,,STORETYPE-FSDT   STATE-WA   TIERDAY-D4-MIDHIGH   TIERLN-LN4-MIDHIGH   BADGE-HNS   EXPOCD-LANE1   DRINKS-CANS,,,,,,,,BADGE-HNS,,,EXPOCD-LANE1,9,9,,,Collin2
9944,Sippy Downs,QLD,FSDT,D5-HIGH,LN5-HIGH,5PP,,,,3PP,3PP,1PP,1PP,,,,,STORETYPE-FSDT   STATE-QLD   TIERDAY-D5-HIGH   TIERLN-LN5-HIGH   BADGE-HNS   DRINKS-CANS,,,,,,,,BADGE-HNS,,,,13,13,,,Collin
9945,Redcliffe,QLD,FSDT,D3-MID,LN3-MID,5PP,,,,3PP,3PP,1PP,1PP,,,,,STORETYPE-FSDT   STATE-QLD   TIERDAY-D3-MID   TIERLN-LN3-MID   BADGE-HNS   DRINKS-CANS,,,,,,,,BADGE-HNS,,,,13,13,,,Collin
9946,Livingston,WA,FSDT,D4-MIDHIGH,LN4-MIDHIGH,4PL,,,,3PP,,,,,,,,STORETYPE-FSDT   STATE-WA   TIERDAY-D4-MIDHIGH   TIERLN-LN4-MIDHIGH   BADGE-HNS   EXPOCD-LANE1   DRINKS-CANS,,,,,,,,BADGE-HNS,,,EXPOCD-LANE1,7,7,,,Collin2
9947,Clarkson,WA,FSDT,D4-MIDHIGH,LN4-MIDHIGH,4PL,,,,3PP,,,,,,,,STORETYPE-FSDT   STATE-WA   TIERDAY-D4-MIDHIGH   TIERLN-LN4-MIDHIGH   BADGE-HNS   EXPOCD-LANE1   DRINKS-CANS,,,,,,,,BADGE-HNS,,,EXPOCD-LANE1,7,7,,,Collin2
9948,Casuarina Food Court,NT,MCP,D7-REMOTE,LN7-REMOTE,4PL,,,,,,,,,,,,STORETYPE-MCP   STATE-NT   TIERDAY-D7-REMOTE   TIERLN-LN7-REMOTE   BADGE-HNS   DRINKS-CUPS   CATEGORY-MALL,,STORETYPE-MALL,DRINKS-CUPS,,,,,BADGE-HNS,,,,4,4,,,Collin2
9950,Garden City FC WA,WA,MCP,D4-MIDHIGH,LN4-MIDHIGH,4PL,,,,,,,,,,,,STORETYPE-MCP   STATE-WA   TIERDAY-D4-MIDHIGH   TIERLN-LN4-MIDHIGH   DRINKS-CUPS   CATEGORY-MALL,,STORETYPE-MALL,DRINKS-CUPS,,,,,,,,,4,4,,,Collin2
9951,Warwick WA,WA,FSDT,D4-MIDHIGH,LN4-MIDHIGH,4PL,,,,3PP,,1PP,,,,,,STORETYPE-FSDT   STATE-WA   TIERDAY-D4-MIDHIGH   TIERLN-LN4-MIDHIGH   BADGE-HNS   EXPOCD-LANE1   DRINKS-CANS,,,,,,,,BADGE-HNS,,,EXPOCD-LANE1,8,8,,,Collin2
9952,Warnbro,WA,FSDT,D4-MIDHIGH,LN4-MIDHIGH,4PL,,,,3PP,,1PP,,,,,,STORETYPE-FSDT   STATE-WA   TIERDAY-D4-MIDHIGH   TIERLN-LN4-MIDHIGH   BADGE-HNS   EXPOCD-LANE1   DRINKS-CANS,,,,,,,,BADGE-HNS,,,EXPOCD-LANE1,8,8,,,Collin2
9954,Bunbury South,WA,FSDT,D7-REMOTE,LN7-REMOTE,4PL,,,,3PP,,1PP,,,,,,STORETYPE-FSDT   STATE-WA   TIERDAY-D7-REMOTE   TIERLN-LN7-REMOTE   BADGE-HNS   EXPOCD-LANE1   DRINKS-CANS,,,,,,,,BADGE-HNS,,,EXPOCD-LANE1,8,8,,,Collin2
9957,Falcon,WA,FSDT,D4-MIDHIGH,LN4-MIDHIGH,4PL,,,,3PP,,,,,,,,STORETYPE-FSDT   STATE-WA   TIERDAY-D4-MIDHIGH   TIERLN-LN4-MIDHIGH   BADGE-HNS   EXPOCD-LANE1   DRINKS-CANS,,,,,,,,BADGE-HNS,,,EXPOCD-LANE1,7,7,,,Collin2
9958,Ashmore,QLD,FSDT,D5-HIGH,LN5-HIGH,5PP,,,,3PP,3PP,1PP,1PP,,,,,STORETYPE-FSDT   STATE-QLD   TIERDAY-D5-HIGH   TIERLN-LN5-HIGH   BADGE-HNS   DRINKS-CANS,,,,,,,,BADGE-HNS,,,,13,13,,,Collin
9959,Rockingham Beach,WA,FSDT,D4-MIDHIGH,LN4-MIDHIGH,4PL,,,,3PP,,1PP,,,,,,STORETYPE-FSDT   STATE-WA   TIERDAY-D4-MIDHIGH   TIERLN-LN4-MIDHIGH   BADGE-HNS   EXPOCD-LANE1   DRINKS-CANS,,,,,,,,BADGE-HNS,,,EXPOCD-LANE1,8,12,,,Collin2
9960,Banksia Grove,WA,FSDT,D4-MIDHIGH,LN4-MIDHIGH,5PP,,,,3PP,3PP,1PP,1PP,,,,,STORETYPE-FSDT   STATE-WA   TIERDAY-D4-MIDHIGH   TIERLN-LN4-MIDHIGH   BADGE-HNS   EXPOCD-LANE1   EXPOCD-LANE2   DRINKS-CANS,,,,,,,,BADGE-HNS,,,"EXPOCD-LANE1,EXPOCD-LANE2",13,13,,,Collin2
9961,Calamvale,QLD,FSDT,D3-MID,LN3-MID,5PP,,,,3PP,3PP,1PP,1PP,,,,,STORETYPE-FSDT   STATE-QLD   TIERDAY-D3-MID   TIERLN-LN3-MID   BADGE-HNS   DRINKS-CANS,,,,,,,,BADGE-HNS,,,,13,13,,,Collin
9962,Harrisdale,WA,FSDT,D4-MIDHIGH,LN4-MIDHIGH,4PL,,,,3PP,3PP,1PP,1PP,,,,,STORETYPE-FSDT   STATE-WA   TIERDAY-D4-MIDHIGH   TIERLN-LN4-MIDHIGH   BADGE-HNS   EXPOCD-LANE1   EXPOCD-LANE2   DRINKS-CANS,,,,,,,,BADGE-HNS,,,"EXPOCD-LANE1,EXPOCD-LANE2",12,13,,,Collin2
9963,Atwell,WA,FSDT,D4-MIDHIGH,LN4-MIDHIGH,5PP,,,,3PP,3PP,1PP,1PP,,,,,STORETYPE-FSDT   STATE-WA   TIERDAY-D4-MIDHIGH   TIERLN-LN4-MIDHIGH   BADGE-HNS   EXPOCD-LANE1   EXPOCD-LANE2   DRINKS-CANS,,,,,,,,BADGE-HNS,,,"EXPOCD-LANE1,EXPOCD-LANE2",13,13,,,Collin2
9964,Kingsway,WA,FSDT,D4-MIDHIGH,LN4-MIDHIGH,5PP,,,,3PP,3PP,1PP,1PP,,,,,STORETYPE-FSDT   STATE-WA   TIERDAY-D4-MIDHIGH   TIERLN-LN4-MIDHIGH   BADGE-HNS   EXPOCD-LANE1   EXPOCD-LANE2   DRINKS-CANS,,,,,,,,BADGE-HNS,,,"EXPOCD-LANE1,EXPOCD-LANE2",13,13,,,Collin2
9965,Lakelands,WA,FSDT,D4-MIDHIGH,LN4-MIDHIGH,5PP,,,,3PP,3PP,1PP,1PP,,,,,STORETYPE-FSDT   STATE-WA   TIERDAY-D4-MIDHIGH   TIERLN-LN4-MIDHIGH   BADGE-HNS   EXPOCD-LANE1   EXPOCD-LANE2   DRINKS-CANS,,,,,,,,BADGE-HNS,,,"EXPOCD-LANE1,EXPOCD-LANE2",13,13,,,Collin2
9966,Coolalinga,NT,FSDT,D7-REMOTE,LN7-REMOTE,5PP,,,,3PP,3PP,1PP,1PP,,,,,STORETYPE-FSDT   STATE-NT   TIERDAY-D7-REMOTE   TIERLN-LN7-REMOTE   BADGE-HNS   DRINKS-CANS,,,,,,,,BADGE-HNS,,,,13,13,,,Collin2
9967,Kirwan,QLD,FSDT,D9-TEMPHIGH,LN9-TEMPHIGH,5PP,,,,3PP,,1PP,,,,,,STORETYPE-FSDT   STATE-QLD   TIERDAY-D9-TEMPHIGH   TIERLN-LN9-TEMPHIGH   BADGE-HNS   DRINKS-CANS,,,,,,,,BADGE-HNS,,,,9,13,North QLD,,Collin
9968,Keperra,QLD,FSDT,D4-MIDHIGH,LN4-MIDHIGH,5PP,,1PP,,3PP,3PP,1PP,,,,,,STORETYPE-FSDT   STATE-QLD   TIERDAY-D4-MIDHIGH   TIERLN-LN4-MIDHIGH   BADGE-HNS   DRINKS-CANS,,,,,,,,BADGE-HNS,,,,13,14,,,Collin
9969,Mackay North,QLD,FSDT,D9-TEMPHIGH,LN9-TEMPHIGH,5PP,,,,3PP,,1PP,,,,,,STORETYPE-FSDT   STATE-QLD   TIERDAY-D9-TEMPHIGH   TIERLN-LN9-TEMPHIGH   BADGE-HNS   DRINKS-CANS,,,,,,,,BADGE-HNS,,,,9,8,,,Collin
9970,Tingalpa,QLD,FSDT,D5-HIGH,LN5-HIGH,5PP,,1PP,,3PP,,1PP,,,,,,STORETYPE-FSDT   STATE-QLD   TIERDAY-D5-HIGH   TIERLN-LN5-HIGH   BADGE-HNS   DRINKS-CANS,,,,,,,,BADGE-HNS,,,,10,10,,,Collin
9971,Bundaberg East,QLD,FSDT,D9-TEMPHIGH,LN9-TEMPHIGH,5PP,,1PP,,3PP,,1PP,,,,,,STORETYPE-FSDT   STATE-QLD   TIERDAY-D9-TEMPHIGH   TIERLN-LN9-TEMPHIGH   BADGE-HNS   DRINKS-CANS,,,,,,,,BADGE-HNS,,,,10,9,,,Collin
9972,Morayfield Food Court,QLD,MFSDT,D2-MIDLOW,LN2-MIDLOW,5PP,,1PP,,,,,,,,,,STORETYPE-MFSDT   STATE-QLD   TIERDAY-D2-MIDLOW   TIERLN-LN2-MIDLOW   DRINKS-CANS,,,,,,,,,,,,6,6,,,Collin
9973,Birkdale,QLD,FSDT,D3-MID,LN3-MID,5PP,,,,3PP,,1PP,,,,,,STORETYPE-FSDT   STATE-QLD   TIERDAY-D3-MID   TIERLN-LN3-MID   BADGE-HNS   DRINKS-CANS,,,,,,,,BADGE-HNS,,,,9,8,,,Collin
9974,Arundel,QLD,FSDT,D5-HIGH,LN5-HIGH,5PP,,,,3PP,3PP,1PP,1PP,,,,,STORETYPE-FSDT   STATE-QLD   TIERDAY-D5-HIGH   TIERLN-LN5-HIGH   BADGE-HNS   DRINKS-CANS,,,,,,,,BADGE-HNS,,,,13,8,,,Collin
9975,Springfield Parkway,QLD,FSDT,D4-MIDHIGH,LN4-MIDHIGH,5PP,,,,3PP,,1PP,,,,,,STORETYPE-FSDT   STATE-QLD   TIERDAY-D4-MIDHIGH   TIERLN-LN4-MIDHIGH   BADGE-HNS   DRINKS-CANS,,,,,,,,BADGE-HNS,,,,9,9,,,Collin
9976,Karrinyup,WA,FSDT,D4-MIDHIGH,LN4-MIDHIGH,5PP,,,,3PP,3PP,1PP,1PP,,,,,STORETYPE-FSDT   STATE-WA   TIERDAY-D4-MIDHIGH   TIERLN-LN4-MIDHIGH   BADGE-HNS   EXPOCD-LANE1   EXPOCD-LANE2   DRINKS-CANS,,,,,,,,BADGE-HNS,,,"EXPOCD-LANE1,EXPOCD-LANE2",13,11,,,Collin2
9977,Redlynch,QLD,FSDT,D9-TEMPHIGH,LN9-TEMPHIGH,5PP,,,,3PP,,1PP,,,,,,STORETYPE-FSDT   STATE-QLD   TIERDAY-D9-TEMPHIGH   TIERLN-LN9-TEMPHIGH   BADGE-HNS   KWENCH   DRINKS-CANS,,,,,,,,BADGE-HNS,,KWENCH,,9,9,Cairns,,Collin
9978,Southport,QLD,FSDT,D5-HIGH,LN5-HIGH,5PP,,1PP,,3PP,,1PP,,,,,,STORETYPE-FSDT   STATE-QLD   TIERDAY-D5-HIGH   TIERLN-LN5-HIGH   BADGE-HNS   DRINKS-CANS,,,,,,,,BADGE-HNS,,,,10,9,,,Collin
9979,Buderim,QLD,FSDT,D5-HIGH,LN5-HIGH,5PP,,,,3PP,,1PP,,,,,,STORETYPE-FSDT   STATE-QLD   TIERDAY-D5-HIGH   TIERLN-LN5-HIGH   BADGE-HNS   DRINKS-CANS,,,,,,,,BADGE-HNS,,,,9,9,,,Collin
9980,Urangan,QLD,FSDT,D5-HIGH,LN5-HIGH,5PP,,,,3PP,,1PP,,,,,,STORETYPE-FSDT   STATE-QLD   TIERDAY-D5-HIGH   TIERLN-LN5-HIGH   BADGE-HNS   DRINKS-CANS,,,,,,,,BADGE-HNS,,,,9,9,,,Collin
9981,Bethania,QLD,FSDT,D4-MIDHIGH,LN4-MIDHIGH,5PP,,,,3PP,,1PP,,,,,,STORETYPE-FSDT   STATE-QLD   TIERDAY-D4-MIDHIGH   TIERLN-LN4-MIDHIGH   BADGE-HNS   DRINKS-CANS,,,,,,,,BADGE-HNS,,,,9,8,,,Collin
9982,Highfields,QLD,FSDT,D5-HIGH,LN5-HIGH,5PP,,,,3PP,,1PP,,,,,,STORETYPE-FSDT   STATE-QLD   TIERDAY-D5-HIGH   TIERLN-LN5-HIGH   BADGE-HNS   DRINKS-CANS,,,,,,,,BADGE-HNS,,,,9,9,,,Collin
9983,Midvale,WA,FSDT,D4-MIDHIGH,LN4-MIDHIGH,5PP,,,,3PP,3PP,1PP,1PP,,,,,STORETYPE-FSDT   STATE-WA   TIERDAY-D4-MIDHIGH   TIERLN-LN4-MIDHIGH   BADGE-HNS   EXPOCD-LANE1   EXPOCD-LANE2   DRINKS-CANS,,,,,,,,BADGE-HNS,,,"EXPOCD-LANE1,EXPOCD-LANE2",13,14,,,Collin2
9984,Burleigh Waters,QLD,FSDT,D5-HIGH,LN5-HIGH,5PP,,,,3PP,,1PP,,,,,,STORETYPE-FSDT   STATE-QLD   TIERDAY-D5-HIGH   TIERLN-LN5-HIGH   BADGE-HNS   DRINKS-CANS,,,,,,,,BADGE-HNS,,,,9,9,,,Collin
9985,Eight Mile Plains,QLD,FSDT,D5-HIGH,LN5-HIGH,5PP,,,,3PP,,1PP,,,,,,STORETYPE-FSDT   STATE-QLD   TIERDAY-D5-HIGH   TIERLN-LN5-HIGH   BADGE-HNS   DRINKS-CANS,,,,,,,,BADGE-HNS,,,,9,9,,,Collin
9986,Berrinba,QLD,FSDT,D4-MIDHIGH,LN4-MIDHIGH,5PP,,,,3PP,3PP,1PP,1PP,,,,,STORETYPE-FSDT   STATE-QLD   TIERDAY-D4-MIDHIGH   TIERLN-LN4-MIDHIGH   BADGE-HNS   DRINKS-CANS,,,,,,,,BADGE-HNS,,,,13,13,,,Collin
9987,Rasmussen,QLD,FSDT,D9-TEMPHIGH,LN9-TEMPHIGH,5PP,,,,3PP,,1PP,,,,,,STORETYPE-FSDT   STATE-QLD   TIERDAY-D9-TEMPHIGH   TIERLN-LN9-TEMPHIGH   BADGE-HNS   DRINKS-CANS,,,,,,,,BADGE-HNS,,,,9,9,North QLD,,Collin
9988,Logan Village,QLD,FSDT,D3-MID,LN3-MID,5PP,,,,3PP,,1PP,,,,,,STORETYPE-FSDT   STATE-QLD   TIERDAY-D3-MID   TIERLN-LN3-MID   BADGE-HNS   DRINKS-CANS,,,,,,,,BADGE-HNS,,,,9,9,,,Collin
9989,Burpengary,QLD,FSDT,D4-MIDHIGH,LN4-MIDHIGH,5PP,,,,3PP,,1PP,,,,,,STORETYPE-FSDT   STATE-QLD   TIERDAY-D4-MIDHIGH   TIERLN-LN4-MIDHIGH   BADGE-HNS   DRINKS-CANS,,,,,,,,BADGE-HNS,,,,9,9,,,Collin
9990,Eagleby,QLD,FSDT,D4-MIDHIGH,LN4-MIDHIGH,5PP,,,,3PP,3PP,1PP,1PP,,,,,STORETYPE-FSDT   STATE-QLD   TIERDAY-D4-MIDHIGH   TIERLN-LN4-MIDHIGH   BADGE-HNS   DRINKS-CANS,,,,,,,,BADGE-HNS,,,,13,13,,,Collin
9991,Milton QLD,QLD,INL,D1-LOW,LN1-LOW,4PL,,,,,,,,,,,,STORETYPE-INL   STATE-QLD   TIERDAY-D1-LOW   TIERLN-LN1-LOW   BADGE-HNS   DRINKS-CANS,,,,,,,,BADGE-HNS,,,,4,4,,,Collin
9993,Warner,QLD,FSDT,D3-MID,LN3-MID,5PP,,,,3PP,3PP,1PP,1PP,,,,,STORETYPE-FSDT   STATE-QLD   TIERDAY-D3-MID   TIERLN-LN3-MID   BADGE-HNS   DRINKS-CANS,,,,,,,,BADGE-HNS,,,,13,13,,,Collin
9994,Noosaville,QLD,FSDT,D5-HIGH,LN5-HIGH,4PL,,,,3PP,,1PP,,,,,,STORETYPE-FSDT   STATE-QLD   TIERDAY-D5-HIGH   TIERLN-LN5-HIGH   BADGE-HNS   DRINKS-CANS,,,,,,,,BADGE-HNS,,,,8,8,,,Collin
9995,Oxenford,QLD,FSDT,D5-HIGH,LN5-HIGH,5PP,,,,3PP,3PP,1PP,1PP,,,,,STORETYPE-FSDT   STATE-QLD   TIERDAY-D5-HIGH   TIERLN-LN5-HIGH   BADGE-HNS   DRINKS-CANS,,,,,,,,BADGE-HNS,,,,13,13,,,Collin
9996,Redbank Plains,QLD,FSDT,D4-MIDHIGH,LN4-MIDHIGH,5PP,,,,3PP,3PP,1PP,1PP,,,,,STORETYPE-FSDT   STATE-QLD   TIERDAY-D4-MIDHIGH   TIERLN-LN4-MIDHIGH   BADGE-HNS   DRINKS-CANS,,,,,,,,BADGE-HNS,,,,13,13,,,Collin
9997,Park Ridge,QLD,FSDT,D4-MIDHIGH,LN4-MIDHIGH,5PP,,,,3PP,3PP,1PP,1PP,,,,,STORETYPE-FSDT   STATE-QLD   TIERDAY-D4-MIDHIGH   TIERLN-LN4-MIDHIGH   BADGE-HNS   DRINKS-CANS,,,,,,,,BADGE-HNS,,,,13,13,,,Collin
CLNSHQ,CMC Head Office (Collins ofiice),NSW,FSDT,D1-LOW,LN1-LOW,4PL,,,,,,,,,,,,STORETYPE-FSDT   STATE-NSW   TIERDAY-D1-LOW   TIERLN-LN1-LOW   DRINKS-CANS,,,,,,,,,,,,4,4,,,
DITLGE,DIT-Lge,NSW,FSDT,D4-MIDHIGH,LN4-MIDHIGH,4PL,5PP,,,3PP,,,,,,,,STORETYPE-FSDT   STATE-NSW   TIERDAY-D4-MIDHIGH   TIERLN-LN4-MIDHIGH   SCHEDULE--ISM-5PP--ISM-5PP-INTOTO    SCHEDULE--DTM-3PP--DTM-3PP-INTOTO   EXPOCD-LANE1   DRINKS-CANS,"SCHEDULE--ISM-5PP--ISM-5PP-INTOTO, SCHEDULE--DTM-3PP--DTM-3PP-INTOTO",,,,,,,,,,EXPOCD-LANE1,12,12,,,
DITSML,DIT-Sml,NSW,FSDT,D4-MIDHIGH,LN4-MIDHIGH,4PL,5PP,,,,,,,,,,,STORETYPE-FSDT   STATE-NSW   TIERDAY-D4-MIDHIGH   TIERLN-LN4-MIDHIGH   SCHEDULE--ISM-4PL--ISM-4PL-INTOTO   DRINKS-CANS,SCHEDULE--ISM-4PL--ISM-4PL-INTOTO,,,,,,,,,,,9,9,,,
ENT4PL,Entwined Lab - 4PL (2+2) ,NSW,FSDT,D1-LOW,LN1-LOW,4PL,,,,,,,,,,,,STORETYPE-FSDT   STATE-NSW   TIERDAY-D1-LOW   TIERLN-LN1-LOW   DRINKS-CANS,,,,,,,,,,,,4,4,,,
ENTW03,Entwined Lab - Tedd Test,NSW,FSDT,D1-LOW,LN1-LOW,4PP,,,,,,,,,,,,STORETYPE-FSDT   STATE-NSW   TIERDAY-D1-LOW   TIERLN-LN1-LOW   DRINKS-CANS,,,,,,,,,,,,4,#N/A,,,
ENTW02,Entwined (Unknown),NSW,FSDT,D1-LOW,LN1-LOW,5PP,,,,,,,,,,,,STORETYPE-FSDT   STATE-NSW   TIERDAY-D1-LOW   TIERLN-LN1-LOW   DRINKS-CANS,,,,,,,,,,,,5,#N/A,,,
ENTDTM,Entwined Lab - DTM,NSW,FSDT,D1-LOW,LN1-LOW,,,,,3PP,,,,,,,,STORETYPE-FSDT   STATE-NSW   TIERDAY-D1-LOW   TIERLN-LN1-LOW   DRINKS-CANS,,,,,,,,,,,,3,3,,,
ENTPRI,Entwined Lab - PRI,NSW,FSDT,D1-LOW,LN1-LOW,1PP,,,,,,,,,,,,STORETYPE-FSDT   STATE-NSW   TIERDAY-D1-LOW   TIERLN-LN1-LOW   DRINKS-CANS,,,,,,,,,,,,1,#N/A,,,
ENTPRO,Entwined Lab - PRI,NSW,FSDT,D1-LOW,LN1-LOW,1PP,,,,,,,,,,,,STORETYPE-FSDT   STATE-NSW   TIERDAY-D1-LOW   TIERLN-LN1-LOW   DRINKS-CANS,,,,,,,,,,,,1,1,,,
ENTRICK,Entwined Rick Centre,NSW,FSDT,D1-LOW,LN1-LOW,1PP,,,,,,,,,,,,STORETYPE-FSDT   STATE-NSW   TIERDAY-D1-LOW   TIERLN-LN1-LOW   DRINKS-CANS,,,,,,,,,,,,1,1,,,
ENTW01,Entwined (Unknown),NSW,FSDT,D1-LOW,LN1-LOW,4PL,,,,,,,,,,,,STORETYPE-FSDT   STATE-NSW   TIERDAY-D1-LOW   TIERLN-LN1-LOW   DRINKS-CANS,,,,,,,,,,,,4,6,,,
ENT5PP,Entwined Lab - 5PP (3+2),NSW,FSDT,D1-LOW,LN1-LOW,5PP,,,,,,,,,,,,STORETYPE-FSDT   STATE-NSW   TIERDAY-D1-LOW   TIERLN-LN1-LOW   DRINKS-CANS,,,,,,,,,,,,5,5,,,
7480,"KFC_Production_Demo_Restaurant 
(KFC marketing 7480)",NSW,FSDT,D3-MID,LN3-MID,5PP,,,,3PP,,,,,,,,STORETYPE-FSDT   STATE-NSW   TIERDAY-D3-MID   TIERLN-LN3-MID   DRINKS-CANS,,,,,,,,,,,,8,5,,,
KFCHEAD,KFC Head Office,NSW,FSDT,D4-MIDHIGH,LN4-MIDHIGH,4PL,5PP,1PP,,3PP,,,,,,,,STORETYPE-FSDT   STATE-NSW   TIERDAY-D4-MIDHIGH   TIERLN-LN4-MIDHIGH   DRINKS-CANS,,,,,,,,,,,,13,13,,,
QSRLAB,QSR HQ,NSW,FSDT,D1-LOW,LN1-LOW,5PP,,,,,,,,,,,,STORETYPE-FSDT   STATE-NSW   TIERDAY-D1-LOW   TIERLN-LN1-LOW   DRINKS-CANS,,,,,,,,,,,,5,5,,,
RLCLAB,RLCLAB 1+2+2,NSW,MCN,D3-MID,LN3-MID,5PP,,,,,,,,,,,,STORETYPE-MCN   STATE-NSW   TIERDAY-D3-MID   TIERLN-LN3-MID   DRINKS-CANS,,,,,,,,,,,,5,#N/A,,,
RSC4PL,RSC Lab 4PL,NSW,FSDT,D4-MIDHIGH,LN4-MIDHIGH,4PL,,,,,,,,,,,,STORETYPE-FSDT   STATE-NSW   TIERDAY-D4-MIDHIGH   TIERLN-LN4-MIDHIGH   DRINKS-CANS,,,,,,,,,,,,4,4,,,
RSC5PP,RSC Lab 5PP,NSW,FSDT,D4-MIDHIGH,LN4-MIDHIGH,5PP,,,,,,,,,,,,STORETYPE-FSDT   STATE-NSW   TIERDAY-D4-MIDHIGH   TIERLN-LN4-MIDHIGH   DRINKS-CANS,,,,,,,,,,,,5,7,,,
8866,RSC Lab DTM,NSW,FSDT,D4-MIDHIGH,LN4-MIDHIGH,5PP,,,,3PP,,,,,,,,STORETYPE-FSDT   STATE-NSW   TIERDAY-D4-MIDHIGH   TIERLN-LN4-MIDHIGH   EXPOCD-LANE1   DRINKS-CANS,,,,,,,,,,,EXPOCD-LANE1,8,8,,,
RSCKIT1,RSC Lab Kitchen 1,NSW,FSDT,D4-MIDHIGH,LN4-MIDHIGH,4PL,,,,,,,,,,,,STORETYPE-FSDT   STATE-NSW   TIERDAY-D4-MIDHIGH   TIERLN-LN4-MIDHIGH   DRINKS-CANS,,,,,,,,,,,,4,#N/A,,,
RSCKIT2,RSC Lab Kitchen 2,NSW,FSDT,D4-MIDHIGH,LN4-MIDHIGH,4PL,,,,,,,,,,,,STORETYPE-FSDT   STATE-NSW   TIERDAY-D4-MIDHIGH   TIERLN-LN4-MIDHIGH   DRINKS-CANS,,,,,,,,,,,,4,#N/A,,,
2518,Olympic Park,NSW,INL,D3-MID,LN3-MID,5PP,,,,,,,,,,,,STORETYPE-INL   STATE-NSW   TIERDAY-D3-MID   TIERLN-LN3-MID   DRINKS-CANS,,,,,,,,,,,,5,5,,,
9731,Yarrabilba,QLD,FSDT,D3-MID,LN3-MID,5PP,,,,3PP,3PP,1PP,1PP,,,,,STORETYPE-FSDT   STATE-QLD   TIERDAY-D3-MID   TIERLN-LN3-MID   DRINKS-CANS,,,,,,,,,,,,13,11,,,
2515,Torquay,VIC,FSDT,D5-HIGH,LN5-HIGH,5PP,,,,3PP,,1PP,,,,,,STORETYPE-FSDT   STATE-VIC   TIERDAY-D5-HIGH   TIERLN-LN5-HIGH   DRINKS-CANS,,,,,,,,,,,,9,9,,,
2471,Merrifield ,VIC,FSDT,D3-MID,LN3-MID,5PP,,,,3PP,3PP,1PP,,,,,,STORETYPE-FSDT   STATE-VIC   TIERDAY-D3-MID   TIERLN-LN3-MID   DRINKS-CANS,,,,,,,,,,,,12,12,,,
2514,Waurn Ponds,VIC,FSDT,D5-HIGH,LN5-HIGH,5PP,,,,3PP,3PP,1PP,1PP,,,,,STORETYPE-FSDT   STATE-VIC   TIERDAY-D5-HIGH   TIERLN-LN5-HIGH   DRINKS-CANS,,,,,,,,,,,,13,13,,,
2470,Euroa,VIC,FSDT,D5-HIGH,LN5-HIGH,5PP,,,,3PP,3PP,1PP,1PP,,,,,STORETYPE-FSDT   STATE-VIC   TIERDAY-D5-HIGH   TIERLN-LN5-HIGH   DRINKS-CANS,,,,,,,,,,,,13,13,,,
9735,Gordonvale,QLD,FSDT,D5-HIGH,LN5-HIGH,5PP,,1PP,,3PP,3PP,,,,,,,STORETYPE-FSDT   STATE-QLD   TIERDAY-D5-HIGH   TIERLN-LN5-HIGH   KWENCH   DRINKS-CANS,,,,,,,,,,KWENCH,,12,12,Cairns,,
9736,Harristown,QLD,FSDT,D5-HIGH,LN5-HIGH,5PP,,,,3PP,3PP,1PP,1PP,,,,,STORETYPE-FSDT   STATE-QLD   TIERDAY-D5-HIGH   TIERLN-LN5-HIGH   DRINKS-CANS,,,,,,,,,,,,13,13,,,
2516,Surry Hills,NSW,INL,D1-LOW,LN1-LOW,5PP,,,,,,,,,,,,STORETYPE-INL   STATE-NSW   TIERDAY-D1-LOW   TIERLN-LN1-LOW   DRINKS-CANS,,,,,,,,,,,,5,5,,,
2519,Martin Place,NSW,INL,D1-LOW,LN1-LOW,5PP,,,,,,,,,,,,STORETYPE-INL   STATE-NSW   TIERDAY-D1-LOW   TIERLN-LN1-LOW   DRINKS-CANS,,,,,,,,,,,,5,5,,,
7859,Hollywood,SA,FSDT,D4-MIDHIGH,LN4-MIDHIGH,5PP,,,,3PP,3PP,1PP,1PP,,,,,STORETYPE-FSDT   STATE-SA   TIERDAY-D4-MIDHIGH   TIERLN-LN4-MIDHIGH   EXPOCD-LANE1   EXPOCD-LANE2   DRINKS-CANS,,,,,,,,,,,"EXPOCD-LANE1,EXPOCD-LANE2",13,13,South Australia,,
2522,Box Hill,VIC,MCN,D1-LOW,LN1-LOW,5PP,,,,,,,,,,,,STORETYPE-MCN   STATE-VIC   TIERDAY-D1-LOW   TIERLN-LN1-LOW   DRINKS-CANS   CATEGORY-MALL,,STORETYPE-MALL,,,,,,,,,,5,5,,,
2499,Newtown,NSW,INL,D1-LOW,LN1-LOW,5PP,,,,,,,,,,,,STORETYPE-INL   STATE-NSW   TIERDAY-D1-LOW   TIERLN-LN1-LOW   DRINKS-CANS,,,,,,,,,,,,5,5,,,
2525,Bonnyrigg Heights,NSW,FSDT,D3-MID,LN3-MID,5PP,,,,3PP,,,,,,,,STORETYPE-FSDT   STATE-NSW   TIERDAY-D3-MID   TIERLN-LN3-MID   DRINKS-CANS,,,,,,,,,,,,8,8,,,
2341,Greenvale,VIC,FSDT,D1-LOW,LN1-LOW,5PP,,,,3PP,3PP,1PP,1PP,,,,,STORETYPE-FSDT   STATE-VIC   TIERDAY-D1-LOW   TIERLN-LN1-LOW   EXPOCD-LANE1   EXPOCD-LANE2   DRINKS-CANS,,,,,,,,,,,"EXPOCD-LANE1,EXPOCD-LANE2",13,13,,,
9732,Goodna,QLD,FSDT,D4-MIDHIGH,LN4-MIDHIGH,5PP,,,,3PP,3PP,,,,,,,STORETYPE-FSDT   STATE-QLD   TIERDAY-D4-MIDHIGH   TIERLN-LN4-MIDHIGH   DRINKS-CANS,,,,,,,,,,,,11,11,,,
2524,Gateway Plaza,VIC,FSDT,D5-HIGH,LN5-HIGH,4PL,5PP,,,3PP,3PP,1PP,1PP,,,,,STORETYPE-FSDT   STATE-VIC   TIERDAY-D5-HIGH   TIERLN-LN5-HIGH   DRINKS-CANS,,,,,,,,,,,,17,17,Western District VIC,,
2369,Cranbourne North 2 (The Avenue),VIC,FSDT,D4-MIDHIGH,LN4-MIDHIGH,5PP,,,,3PP,3PP,,,,,,,STORETYPE-FSDT   STATE-VIC   TIERDAY-D4-MIDHIGH   TIERLN-LN4-MIDHIGH   DRINKS-CANS,,,,,,,,,,,,11,11,,,
2521,Monash,VIC,FSDT,D3-MID,LN3-MID,5PP,,,,3PP,,,,,,,1280x256,STORETYPE-FSDT   STATE-VIC   TIERDAY-D3-MID   TIERLN-LN3-MID   DRINKS-CANS,,,,,,,,,,,,8,9,,,
9734,Innisfail,QLD,FSDT,D9-TEMPHIGH,LN9-TEMPHIGH,5PP,,,,3PP,3PP,,,,,,,STORETYPE-FSDT   STATE-QLD   TIERDAY-D9-TEMPHIGH   TIERLN-LN9-TEMPHIGH   DRINKS-CANS,,,,,,,,,,,,11,11,,,
2523,Tuggerah,NSW,FSDT,D3-MID,LN3-MID,5PP,,1PP,,3PP,3PP,1PP,,,,,,STORETYPE-FSDT   STATE-NSW   TIERDAY-D3-MID   TIERLN-LN3-MID   DRINKS-CANS,,,,,,,,,,,,13,13,,,
2520,Wright,ACT,INL,D5-HIGH,LN5-HIGH,5PP,,,,,,,,,,,,STORETYPE-INL   STATE-ACT   TIERDAY-D5-HIGH   TIERLN-LN5-HIGH   DRINKS-CANS,,,,,,,,,,,,5,5,Canberra,,
9738,Morayfield East,QLD,FSDT,D3-MID,LN3-MID,5PP,,,,3PP,3PP,,,,,,,STORETYPE-FSDT   STATE-QLD   TIERDAY-D3-MID   TIERLN-LN3-MID   DRINKS-CANS,,,,,,,,,,,,11,11,,,
6699,Claremont Meadows,NSW,FSDT,D4-MIDHIGH,LN4-MIDHIGH,5PP,,,,3PP,3PP,1PP,1PP,,,,,STORETYPE-FSDT   STATE-NSW   TIERDAY-D4-MIDHIGH   TIERLN-LN4-MIDHIGH   kwench_national   kwench_takeover   EXPOCD-LANE1   EXPOCD-LANE2   DRINKS-CANS,,,,,,,,,"kwench_national,kwench_takeover",,"EXPOCD-LANE1,EXPOCD-LANE2",13,13,,,
2528,Forest Chase Hill,VIC,MCN,D1-LOW,LN1-LOW,4PL,,,,,,,,,,,,STORETYPE-MCN   STATE-VIC   TIERDAY-D1-LOW   TIERLN-LN1-LOW   DRINKS-CANS,,,,,,,,,,,,4,4,,,
2468,Melbourne Metro Parkville,VIC,INL,D1-LOW,LN1-LOW,4PL,,,,,,,,,,,,STORETYPE-INL   STATE-VIC   TIERDAY-D1-LOW   TIERLN-LN1-LOW   DRINKS-CANS,,,,,,,,,,,,4,4,,,
2513,Port Macquarie HR,NSW,FSDT,D5-HIGH,LN5-HIGH,5PP,,,,3PP,3PP,,,,,,,STORETYPE-FSDT   STATE-NSW   TIERDAY-D5-HIGH   TIERLN-LN5-HIGH   DRINKS-CANS,,,,,,,,,,,,11,12,,,
2472,Lisarow,NSW,FSDT,D4-MIDHIGH,LN4-MIDHIGH,5PP,,,,3PP,,,,,,,,STORETYPE-FSDT   STATE-NSW   TIERDAY-D4-MIDHIGH   TIERLN-LN4-MIDHIGH   DRINKS-CANS,,,,,,,,,,,,8,8,,,
2526,Kadina,SA,FSDT,D5-HIGH,LN5-HIGH,5PP,,,,3PP,3PP,,,,,,,STORETYPE-FSDT   STATE-SA   TIERDAY-D5-HIGH   TIERLN-LN5-HIGH   EXPOCD-LANE1   EXPOCD-LANE2   DRINKS-CANS,,,,,,,,,,,"EXPOCD-LANE1,EXPOCD-LANE2",11,11,South Australia,,
9500,Golden Bay,WA,FSDT,D4-MIDHIGH,LN4-MIDHIGH,5PP,,,,3PP,3PP,,,,,,,STORETYPE-FSDT   STATE-WA   TIERDAY-D4-MIDHIGH   TIERLN-LN4-MIDHIGH   EXPOCD-LANE1   EXPOCD-LANE2   DRINKS-CANS,,,,,,,,,,,"EXPOCD-LANE1,EXPOCD-LANE2",11,11,,,
2529,Doncaster FC,VIC,MCN,D1-LOW,LN1-LOW,5PP,,,,,,,,,,,,STORETYPE-MCN   STATE-VIC   TIERDAY-D1-LOW   TIERLN-LN1-LOW   DRINKS-CANS,,,,,,,,,,,,5,5,,,
2532,Drouin,VIC,FSDT,D5-HIGH,LN5-HIGH,5PP,,,,3PP,3PP,1PP,1PP,,,,,STORETYPE-FSDT   STATE-VIC   TIERDAY-D5-HIGH   TIERLN-LN5-HIGH   DRINKS-CANS,,,,,,,,,,,,13,13,Gippsland,,
9502,Glasshouse Mountains Northbound,QLD,FSDT,D5-HIGH,LN5-HIGH,5PP,,,,3PP,3PP,,,,,,,STORETYPE-FSDT   STATE-QLD   TIERDAY-D5-HIGH   TIERLN-LN5-HIGH   DRINKS-CANS,,,,,,,,,,,,11,11,,,
2358,Epping Nth,VIC,FSDT,D5-HIGH,LN5-HIGH,5PP,,,,3PP,3PP,1PP,1PP,,,,,STORETYPE-FSDT   STATE-VIC   TIERDAY-D5-HIGH   TIERLN-LN5-HIGH   DRINKS-CANS,,,,,,,,,,,,13,13,,,
7883,Mt Barker II,SA,FSDT,D5-HIGH,LN5-HIGH,5PP,,,,3PP,3PP,1PP,1PP,,,,,STORETYPE-FSDT   STATE-SA   TIERDAY-D5-HIGH   TIERLN-LN5-HIGH   kwench_national   kwench_takeover   EXPOCD-LANE1   EXPOCD-LANE2   DRINKS-CANS,,,,,,,,,"kwench_national,kwench_takeover",,"EXPOCD-LANE1,EXPOCD-LANE2",13,13,South Australia,,
2517,Chisholm,ACT,FSDT,D5-HIGH,LN5-HIGH,5PP,,,,3PP,,,,,,,,STORETYPE-FSDT   STATE-ACT   TIERDAY-D5-HIGH   TIERLN-LN5-HIGH   DRINKS-CANS,,,,,,,,,,,,8,8,Canberra,,
2381,Clyde North,VIC,FSDT,D4-MIDHIGH,LN4-MIDHIGH,5PP,,,,3PP,3PP,,,,,,,STORETYPE-FSDT   STATE-VIC   TIERDAY-D4-MIDHIGH   TIERLN-LN4-MIDHIGH   DRINKS-CANS,,,,,,,,,,,,11,11,,,
2530,Collingwood,VIC,INL,D1-LOW,LN1-LOW,5PP,,,,,,,,,,,,STORETYPE-INL   STATE-VIC   TIERDAY-D1-LOW   TIERLN-LN1-LOW   DRINKS-CANS,,,,,,,,,,,,5,5,,,
7882,Strathalbyn,SA,FSDT,D5-HIGH,LN5-HIGH,5PP,,,,3PP,3PP,1PP,1PP,,,,,STORETYPE-FSDT   STATE-SA   TIERDAY-D5-HIGH   TIERLN-LN5-HIGH   kwench_national   kwench_takeover   EXPOCD-LANE1   EXPOCD-LANE2   DRINKS-CANS,,,,,,,,,"kwench_national,kwench_takeover",,"EXPOCD-LANE1,EXPOCD-LANE2",13,13,South Australia,,
9503,Webberton,WA,FSDT,D7-REMOTE,LN7-REMOTE,5PP,,,,3PP,3PP,,,,,,,STORETYPE-FSDT   STATE-WA   TIERDAY-D7-REMOTE   TIERLN-LN7-REMOTE   EXPOCD-LANE1   EXPOCD-LANE2   DRINKS-CANS,,,,,,,,,,,"EXPOCD-LANE1,EXPOCD-LANE2",11,11,,,
9504,Reedy Creek,QLD,FSDT,D5-HIGH,LN5-HIGH,5PP,,,,3PP,3PP,1PP,1PP,,,,,STORETYPE-FSDT   STATE-QLD   TIERDAY-D5-HIGH   TIERLN-LN5-HIGH   DRINKS-CANS,,,,,,,,,,,,13,12,,,
2531,Whittlesea,VIC,FSDT,D5-HIGH,LN5-HIGH,5PP,,1PP,,3PP,3PP,1PP,1PP,,,,,STORETYPE-FSDT   STATE-VIC   TIERDAY-D5-HIGH   TIERLN-LN5-HIGH   DRINKS-CANS,,,,,,,,,,,,14,13,,,
2534,Googong,ACT,ILDT,D5-HIGH,LN5-HIGH,5PP,,,,3PP,3PP,,,,,,,STORETYPE-ILDT   STATE-ACT   TIERDAY-D5-HIGH   TIERLN-LN5-HIGH   DRINKS-CANS,,,,,,,,,,,,11,11,Canberra,,
9737,Southern River,WA,FSDT,D4-MIDHIGH,LN4-MIDHIGH,5PP,,,,3PP,3PP,,,,,,,STORETYPE-FSDT   STATE-WA   TIERDAY-D4-MIDHIGH   TIERLN-LN4-MIDHIGH   EXPOCD-LANE1   EXPOCD-LANE2   DRINKS-CANS,,,,,,,,,,,"EXPOCD-LANE1,EXPOCD-LANE2",11,11,,,
2469,Melbourne Metro Town Hall,VIC,INL,D1-LOW,LN1-LOW,4PL,,,,,,,,,,,,STORETYPE-INL   STATE-VIC   TIERDAY-D1-LOW   TIERLN-LN1-LOW   DRINKS-CANS,,,,,,,,,,,,4,4,,,
2527,Glebe Hill,TAS,ILDT,D4-MIDHIGH,LN4-MIDHIGH,,,,,,,,,,,,,STORETYPE-ILDT   STATE-TAS   TIERDAY-D4-MIDHIGH   TIERLN-LN4-MIDHIGH   DRINKS-CANS,,,,,,,,,,,,0,11,Tasmania,,
9501,Wanneroo,WA,FSDT,D4-MIDHIGH,LN4-MIDHIGH,5PP,,,,3PP,3PP,,,,,,,STORETYPE-FSDT   STATE-WA   TIERDAY-D4-MIDHIGH   TIERLN-LN4-MIDHIGH   EXPOCD-LANE1   EXPOCD-LANE2   DRINKS-CANS,,,,,,,,,,,"EXPOCD-LANE1,EXPOCD-LANE2",11,11,,,
2535,Warwick Farm 2,NSW,FSDT,D3-MID,LN3-MID,5PP,,,,3PP,3PP,,,,,,,STORETYPE-FSDT   STATE-NSW   TIERDAY-D3-MID   TIERLN-LN3-MID   DRINKS-CANS,,,,,,,,,,,,11,11,,,
9505,Hobart,TAS,FSDT,D4-MIDHIGH,LN4-MIDHIGH,5PP,,,,3PP,3PP,,,,,,,STORETYPE-FSDT   STATE-TAS   TIERDAY-D4-MIDHIGH   TIERLN-LN4-MIDHIGH   no_sauce   DRINKS-CANS,,,,,,,,no_sauce,,,,11,11,Tasmania,,
2548,Brisbane International Airport (Airside),QLD,APT,D6-AIR,LN6-AIR,5PP,,,,,,,,,,,,STORETYPE-APT   STATE-QLD   TIERDAY-D6-AIR   TIERLN-LN6-AIR   SCHEDULE--ISM-5PP--ISM-5PPAIR   DRINKS-CANS   CATEGORY-AIRPORT,SCHEDULE--ISM-5PP--ISM-5PPAIR,,,,,,,,,,,5,#N/A,,,
2536,Robin Hill,NSW,ILDT,D5-HIGH,LN5-HIGH,5PP,,,,3PP,,,,,,,,STORETYPE-ILDT   STATE-NSW   TIERDAY-D5-HIGH   TIERLN-LN5-HIGH   DRINKS-CANS,,,,,,,,,,,,8,8,,,
2544,Edinburgh North,SA,FSDT,D5-HIGH,LN5-HIGH,5PP,,1PP,,3PP,3PP,,,,,,,STORETYPE-FSDT   STATE-SA   TIERDAY-D5-HIGH   TIERLN-LN5-HIGH   DRINKS-CANS,,,,,,,,,,,,12,13,South Australia,,
2550,Richmond (Burnley Relo),VIC,ILDT,D3-MID,LN3-MID,5PP,,,,3PP,,1PP,,,,,,STORETYPE-ILDT   STATE-VIC   TIERDAY-D3-MID   TIERLN-LN3-MID   DRINKS-CANS,,,,,,,,,,,,9,8,,,
7885,Mansfield Park,SA,FSDT,D3-MID,LN3-MID,5PP,,,,3PP,3PP,1PP,1PP,,,,,STORETYPE-FSDT   STATE-SA   TIERDAY-D3-MID   TIERLN-LN3-MID   DRINKS-CANS,,,,,,,,,,,,13,13,South Australia,,
2551,"Midland Gate FC, WA",WA,MCN,D4-MIDHIGH,LN4-MIDHIGH,5PP,,,,,,,,,,,,STORETYPE-MCN   STATE-WA   TIERDAY-D4-MIDHIGH   TIERLN-LN4-MIDHIGH   DRINKS-CANS   CATEGORY-MALL,,STORETYPE-MALL,,,,,,,,,,5,#N/A,,,
2546,Malvern,VIC,INL,D1-LOW,LN1-LOW,5PP,,,,,,,,,,,,STORETYPE-INL   STATE-VIC   TIERDAY-D1-LOW   TIERLN-LN1-LOW   DRINKS-CANS,,,,,,,,,,,,5,5,,,
2541,Eastwood,NSW,INL,D1-LOW,LN1-LOW,,,,,,,,,,,,,STORETYPE-INL   STATE-NSW   TIERDAY-D1-LOW   TIERLN-LN1-LOW   DRINKS-CANS,,,,,,,,,,,,0,#N/A,,,
TBA,Ringwood,VIC,FSDT,,,5PP,,,,3PP,,,,,,,,STORETYPE-FSDT   STATE-VIC   TIERDAY-   TIERLN-   DRINKS-CANS,,,,,,,,,,,,8,#N/A,,,
2547,South Melbourne,VIC,INL,D1-LOW,LN1-LOW,,,,,,,,,,,,,STORETYPE-INL   STATE-VIC   TIERDAY-D1-LOW   TIERLN-LN1-LOW   DRINKS-CANS,,,,,,,,,,,,0,#N/A,,,
2549,Mount Waverley,VIC,FSDT,D3-MID,LN3-MID,5PP,,,,3PP,3PP,,,,,,,STORETYPE-FSDT   STATE-VIC   TIERDAY-D3-MID   TIERLN-LN3-MID   DRINKS-CANS,,,,,,,,,,,,11,#N/A,,,
FMDryRunMay14,FMDryRunMay14 KFC LAB Engagis,NSW,FSDT,D5-HIGH,LN5-HIGH,4PL,5PP,,,3PP,,,,,,,,STORETYPE-FSDT   STATE-NSW   TIERDAY-D5-HIGH   TIERLN-LN5-HIGH   DRINKS-CANS,,,,,,,,,,,,12,13,,,
DIT,Engagis DIT,NSW,FSDT,D3-MID,LN3-MID,4PL,,,,,,1PP,,,,,,STORETYPE-FSDT   STATE-NSW   TIERDAY-D3-MID   TIERLN-LN3-MID   SCHEDULE--ISM-4PL--ISM-4PL-Intoto   DRINKS-CANS,SCHEDULE--ISM-4PL--ISM-4PL-Intoto,,,,,,,,,,,5,#N/A,,,
Fingermark,Engagis Fingermark,NSW,FSDT,D3-MID,LN3-MID,,,,,3PP,,,,,,,,STORETYPE-FSDT   STATE-NSW   TIERDAY-D3-MID   TIERLN-LN3-MID   DRINKS-CANS,,,,,,,,,,,,3,#N/A,,,
FMARK,Engagis Fingermark,NSW,FSDT,D5-HIGH,LN5-HIGH,4PL,5PP,,,3PP,,,,,,,,STORETYPE-FSDT   STATE-NSW   TIERDAY-D5-HIGH   TIERLN-LN5-HIGH   DRINKS-CANS,,,,,,,,,,,,12,#N/A,,,
DITLAB,"Engagis USE ""DIT""",NSW,FSDT,D3-MID,LN3-MID,4PL,,,,,,1PP,,,,,,STORETYPE-FSDT   STATE-NSW   TIERDAY-D3-MID   TIERLN-LN3-MID   SCHEDULE--ISM-4PL--ISM-4PL-Intoto   DRINKS-CANS,SCHEDULE--ISM-4PL--ISM-4PL-Intoto,,,,,,,,,,,5,#N/A,,,
KFCLAB,FMDryRunMay14 KFC LAB Engagis,NSW,FSDT,D3-MID,LN3-MID,,,,,3PP,,,,,,,,STORETYPE-FSDT   STATE-NSW   TIERDAY-D3-MID   TIERLN-LN3-MID   DRINKS-CANS,,,,,,,,,,,,3,#N/A,,,
2367,KFC - Gregory Hills - 2367,NSW,FSDT,D3-MID,LN3-MID,,,,,,,,,,,,,STORETYPE-FSDT   STATE-NSW   TIERDAY-D3-MID   TIERLN-LN3-MID   DRINKS-CANS,,,,,,,,,,,,3,#N/A,,,
ENTDT2,ENTWINED LAB DT2,QLD,FSDT,D3-MID,LN3-MID,,,,,,,,,,,,,STORETYPE-FSDT   STATE-QLD   TIERDAY-D3-MID   TIERLN-LN3-MID   DRINKS-CANS,,,,,,,,,,,,3,#N/A,,,
ENTLAB,ENTWINED LAB,QLD,FSDT,D3-MID,LN3-MID,,,,,,,,,,,,,STORETYPE-FSDT   STATE-QLD   TIERDAY-D3-MID   TIERLN-LN3-MID   DRINKS-CANS,,,,,,,,,,,,3,#N/A,,,
RSCLAB,RSC LAB,NSW,FSDT,D3-MID,LN3-MID,,,,,,,,,,,,,STORETYPE-FSDT   STATE-NSW   TIERDAY-D3-MID   TIERLN-LN3-MID   DRINKS-CANS,,,,,,,,,,,,3,#N/A,,,